WithdrawalHistory(WH),RepeatHistory(RH),MaritalStatus(MS),Gender(GND),Age,StudentType(ST),EmploymentStatus(ES),Target
1,1,1,1,32,1,2,0
1,1,1,1,36,1,2,0
1,1,1,1,33,1,2,0
1,1,1,1,33,1,2,1
1,1,1,1,35,2,2,0
1,1,1,1,36,2,2,0
1,1,1,1,31,2,2,0
1,1,1,1,31,2,2,0
1,1,1,1,31,1,2,0
1,1,1,1,26,1,2,0
1,1,1,1,32,2,2,0
1,1,1,1,32,1,2,0
1,1,1,1,31,1,2,0
1,1,1,1,27,1,2,0
1,1,1,1,32,2,2,0
1,1,1,1,58,1,2,0
1,1,1,1,49,2,2,0
1,1,1,1,31,1,2,0
1,1,1,1,33,2,2,0
1,1,1,1,33,2,2,0
1,1,1,1,30,2,2,0
1,1,1,1,31,2,2,1
1,1,1,1,35,2,2,1
1,1,1,1,34,2,2,1
1,1,1,1,37,2,2,1
1,1,1,1,30,1,2,0
1,1,1,1,34,1,2,0
1,1,1,1,25,1,2,0
1,1,1,1,29,1,2,0
1,1,1,1,33,1,2,0
1,1,1,1,38,1,2,0
1,1,1,1,32,1,2,1
1,1,1,1,33,1,2,0
1,1,1,1,27,1,2,0
1,1,1,1,42,1,2,0
1,1,1,1,29,1,2,0
1,1,1,1,31,1,2,0
1,1,1,1,25,1,2,1
1,1,1,1,34,2,2,0
1,1,1,1,28,2,2,0
1,1,1,1,27,2,2,0
1,1,1,1,32,2,2,0
1,1,1,1,33,2,2,0
1,1,1,1,35,2,2,0
1,1,1,1,35,2,2,0
1,1,1,1,31,2,2,0
1,1,1,1,30,2,2,0
1,1,1,1,29,2,2,0
1,1,1,1,28,1,2,0
1,1,1,1,31,1,2,0
1,1,1,1,36,1,2,0
1,1,1,1,34,1,2,0
1,1,1,1,31,1,2,0
1,1,1,1,34,1,2,0
1,1,1,1,30,2,2,0
1,1,1,1,32,2,2,0
1,1,1,1,29,2,2,0
1,1,1,1,29,2,2,1
1,1,1,1,28,2,2,0
1,1,1,1,34,2,2,0
1,1,1,1,30,2,2,0
1,1,1,1,35,2,2,0
1,1,1,1,39,1,2,0
1,1,1,1,32,1,2,0
1,1,1,1,26,1,2,0
1,1,1,1,37,1,2,0
1,1,1,1,30,1,2,0
1,1,1,1,38,1,2,0
1,1,1,1,32,1,2,0
1,1,1,1,33,1,2,0
1,1,1,1,35,1,2,0
1,1,1,1,29,2,2,0
1,1,1,1,26,1,2,0
1,1,1,1,25,2,2,0
1,1,1,1,31,2,2,0
1,1,1,1,34,2,2,1
1,1,1,1,30,2,2,0
1,1,1,1,27,2,2,0
1,1,1,1,29,2,2,0
1,1,1,1,30,2,2,0
1,1,1,1,26,2,2,1
1,1,1,1,31,2,2,0
1,1,1,1,31,2,2,0
1,1,1,1,30,2,2,0
1,1,1,1,34,2,2,0
1,1,1,1,31,2,2,0
1,1,1,1,28,2,2,0
1,1,1,1,32,2,2,0
1,1,1,1,33,2,2,0
1,1,1,1,25,2,2,0
1,1,1,1,33,2,2,0
1,1,1,1,35,2,2,0
1,1,1,1,25,1,2,0
1,1,1,1,25,2,2,0
1,1,1,1,25,2,2,0
1,1,1,1,25,2,2,0
1,1,1,1,25,2,2,0
1,1,1,1,25,2,2,0
1,1,1,1,25,2,2,0
1,1,1,1,25,2,2,0
1,1,1,1,25,2,2,0
1,1,1,1,25,2,2,0
1,1,1,1,25,2,2,0
1,1,1,1,25,2,2,0
1,1,1,1,25,2,2,0
1,1,1,1,25,2,2,0
1,1,1,1,25,2,2,0
1,1,1,1,25,2,2,0
1,1,1,1,25,2,2,0
1,1,1,1,25,2,2,0
1,1,1,1,25,2,2,0
1,1,1,1,25,2,2,0
1,1,1,1,25,2,2,0
1,1,1,1,25,2,2,0
1,1,1,1,25,2,2,0
1,1,1,1,25,2,2,0
1,1,1,1,25,2,2,0
1,1,1,1,25,2,2,0
1,1,1,1,25,2,2,0
1,1,1,1,25,2,2,0
1,1,1,1,25,2,2,0
1,1,1,1,25,2,2,0
1,1,1,1,25,2,2,0
1,1,1,1,25,2,2,0
1,1,1,1,25,2,2,0
1,1,1,1,25,2,2,0
1,1,1,1,25,2,2,0
1,1,1,1,25,2,2,0
1,1,1,1,25,2,2,0
1,1,1,1,25,2,2,0
1,1,1,1,25,2,2,0
1,1,1,1,25,2,2,0
1,1,1,1,25,2,2,0
1,1,1,1,25,2,2,0
1,1,1,1,25,2,2,0
1,1,1,1,25,2,2,0
1,1,1,1,25,2,2,0
1,1,1,1,25,1,2,0
1,1,1,1,25,1,2,0
1,1,1,1,25,1,2,0
1,1,1,1,25,1,2,0
1,1,1,1,25,1,2,0
1,1,1,1,25,2,2,0
1,1,1,1,25,1,2,0
1,1,1,1,25,1,2,0
1,1,1,1,25,1,2,0
1,1,1,1,25,1,2,0
1,1,1,1,25,2,2,0
1,1,1,1,25,2,2,0
1,1,1,1,25,2,2,0
1,1,1,1,25,2,2,0
1,1,1,1,25,2,2,0
1,1,1,1,25,2,2,0
1,1,1,1,25,2,2,0
1,1,1,1,25,2,2,0
1,1,1,1,25,2,2,0
1,1,1,1,25,2,2,0
1,1,1,1,25,2,2,0
1,1,1,1,25,2,2,0
1,1,1,1,25,2,2,0
1,1,1,1,25,2,2,0
1,1,1,1,25,2,2,0
1,1,1,1,25,2,2,0
1,1,1,1,25,2,2,0
1,1,1,1,25,2,2,0
1,1,1,1,25,2,2,0
1,1,1,1,25,2,2,0
1,1,1,1,25,2,2,0
1,1,1,1,25,2,2,0
1,1,1,1,25,2,2,0
1,1,1,1,25,2,2,0
1,1,1,1,25,2,2,0
1,1,1,1,25,2,2,0
1,1,1,1,25,2,2,0
1,1,1,1,25,2,2,0
1,1,1,1,25,2,2,0
1,1,1,1,25,2,2,0
1,1,1,1,25,2,2,0
1,1,1,1,25,2,2,0
1,1,1,1,30,1,0,0
1,1,1,1,25,1,0,1
1,1,1,1,23,1,0,1
1,1,1,1,25,1,0,1
1,1,1,1,28,1,0,0
1,1,1,1,25,1,0,1
1,1,1,1,31,2,0,1
1,1,1,1,26,1,0,0
1,1,1,1,23,1,0,1
1,1,1,1,31,2,0,1
1,1,1,1,29,1,0,0
1,1,1,1,25,1,0,0
1,1,1,1,29,2,0,1
1,1,1,1,33,2,0,0
1,1,1,1,25,1,0,1
1,1,1,1,31,2,0,0
1,1,1,1,32,1,0,1
1,1,1,1,36,2,0,1
1,1,1,1,23,1,0,0
1,1,1,1,25,1,0,0
1,1,1,1,27,1,0,0
1,1,1,1,28,1,0,0
1,1,1,1,27,1,0,0
1,1,1,1,26,1,0,1
1,1,1,1,27,1,0,1
1,1,1,1,27,1,0,0
1,1,1,1,23,1,0,1
1,1,1,1,36,1,0,1
1,1,1,1,26,1,0,0
1,1,1,1,28,1,0,1
1,1,1,1,27,1,0,0
1,1,1,1,29,1,0,1
1,1,1,1,30,1,0,1
1,1,1,1,25,1,0,0
1,1,1,1,29,1,0,1
1,1,1,1,25,1,0,1
1,1,1,1,25,1,0,0
1,1,1,1,26,1,0,1
1,1,1,1,25,1,0,1
1,1,1,1,24,1,0,0
1,1,1,1,25,1,0,1
1,1,1,1,27,1,0,1
1,1,1,1,32,1,0,1
1,1,1,1,27,1,0,1
1,1,1,1,27,1,0,1
1,1,1,1,26,1,0,0
1,1,1,1,32,2,0,0
1,1,1,1,33,2,0,1
1,1,1,1,32,2,0,0
1,1,1,1,37,1,0,1
1,1,1,1,25,1,0,0
1,1,1,1,25,1,0,1
1,1,1,1,31,2,0,0
1,1,1,1,24,1,0,1
1,1,1,1,27,2,0,1
1,1,1,1,23,1,0,0
1,1,1,1,26,1,0,1
1,1,1,1,33,2,0,1
1,1,1,1,35,2,0,1
1,1,1,1,32,2,0,1
1,1,1,1,33,2,0,0
1,1,1,1,23,1,0,0
1,1,1,1,30,1,0,0
1,1,1,1,32,1,0,1
1,1,1,1,31,2,0,1
1,1,1,1,23,1,0,0
1,1,1,1,34,2,0,1
1,1,1,1,33,2,0,1
1,1,1,1,36,2,0,1
1,1,1,1,27,2,0,0
1,1,1,1,24,1,0,0
1,1,1,1,25,1,0,0
1,1,1,1,27,1,0,0
1,1,1,1,26,1,0,0
1,1,1,1,30,2,0,1
1,1,1,1,24,1,0,0
1,1,1,1,23,1,0,0
1,1,1,1,28,1,0,1
1,1,1,1,24,1,0,0
1,1,1,1,32,1,0,0
1,1,1,1,25,1,0,0
1,1,1,1,27,1,0,0
1,1,1,1,28,1,0,0
1,1,1,1,25,1,0,1
1,1,1,1,31,1,0,1
1,1,1,1,32,1,0,1
1,1,1,1,26,1,0,0
1,1,1,1,28,1,0,0
1,1,1,1,26,1,0,1
1,1,1,1,25,1,0,0
1,1,1,1,32,1,0,1
1,1,1,1,25,1,0,1
1,1,1,1,25,1,0,1
1,1,1,1,32,1,0,1
1,1,1,1,25,1,0,1
1,1,1,1,23,1,0,1
1,1,1,1,31,1,0,1
1,1,1,1,26,1,0,1
1,1,1,1,24,1,0,1
1,1,1,1,28,1,0,1
1,1,1,1,26,1,0,1
1,1,1,1,25,1,0,1
1,1,1,1,25,1,0,1
1,1,1,1,27,1,0,0
1,1,1,1,29,1,0,0
1,1,1,1,29,1,0,0
1,1,1,1,25,1,0,1
1,1,1,1,25,1,0,1
1,1,1,1,28,1,0,1
1,1,1,1,24,1,0,0
1,1,1,1,25,1,0,1
1,1,1,1,29,1,0,0
1,1,1,1,25,1,0,1
1,1,1,1,25,1,0,1
1,1,1,1,35,1,0,0
1,1,1,1,27,1,0,0
1,1,1,1,26,1,0,1
1,1,1,1,28,1,0,1
1,1,1,1,24,1,0,0
1,1,1,1,26,1,0,1
1,1,1,1,25,1,0,1
1,1,1,1,26,1,0,1
1,1,1,1,26,1,0,1
1,1,1,1,32,1,0,1
1,1,1,1,27,1,0,1
1,1,1,1,23,1,0,0
1,1,1,1,33,1,0,0
1,1,1,1,24,1,0,0
1,1,1,1,25,1,0,0
1,1,1,1,29,1,0,1
1,1,1,1,25,1,0,1
1,1,1,1,26,1,0,0
1,1,1,1,25,1,0,1
1,1,1,1,26,1,0,0
1,1,1,1,25,1,0,0
1,1,1,1,25,1,0,1
1,1,1,1,33,1,0,1
1,1,1,1,24,1,0,1
1,1,1,1,24,1,0,0
1,1,1,1,27,1,0,1
1,1,1,1,26,1,0,0
1,1,1,1,29,1,0,1
1,1,1,1,34,1,0,1
1,1,1,1,22,1,0,0
1,1,1,1,24,1,0,0
1,1,1,1,28,1,0,0
1,1,1,1,26,1,0,0
1,1,1,1,27,1,0,1
1,1,1,1,25,1,0,1
1,1,1,1,25,1,0,1
1,1,1,1,23,1,0,0
1,1,1,1,35,1,0,1
1,1,1,1,26,1,0,0
1,1,1,1,32,1,0,1
1,1,1,1,26,1,0,1
1,1,1,1,36,1,0,1
1,1,1,1,25,1,0,1
1,1,1,1,27,1,0,1
1,1,1,1,28,1,0,1
1,1,1,1,24,1,0,0
1,1,1,1,25,1,0,0
1,1,1,1,29,1,0,1
1,1,1,1,27,1,0,0
1,1,1,1,22,1,0,0
1,1,1,1,25,1,0,0
1,1,1,1,27,1,0,0
1,1,1,1,29,1,0,1
1,1,1,1,26,1,0,1
1,1,1,1,29,1,0,0
1,1,1,1,29,1,0,1
1,1,1,1,26,1,0,0
1,1,1,1,27,1,0,0
1,1,1,1,32,1,0,0
1,1,1,1,25,2,0,1
1,1,1,1,25,2,0,1
1,1,1,1,27,2,0,0
1,1,1,1,26,2,0,0
1,1,1,1,27,2,0,0
1,1,1,1,33,2,0,1
1,1,1,1,25,2,0,1
1,1,1,1,35,2,0,0
1,1,1,1,32,2,0,0
1,1,1,1,31,2,0,0
1,1,1,1,27,2,0,0
1,1,1,1,25,2,0,0
1,1,1,1,30,2,0,0
1,1,1,1,28,1,0,0
1,1,1,1,26,2,0,0
1,1,1,1,26,2,0,0
1,1,1,1,33,2,0,0
1,1,1,1,30,2,0,0
1,1,1,1,26,1,0,0
1,1,1,1,27,1,0,0
1,1,1,1,25,1,0,0
1,1,1,1,26,1,0,0
1,1,1,1,25,1,0,0
1,1,1,1,27,1,0,0
1,1,1,1,26,1,0,0
1,1,1,1,23,1,0,0
1,1,1,1,23,1,0,1
1,1,1,1,29,1,0,0
1,1,1,1,25,1,0,0
1,1,1,1,24,1,0,0
1,1,1,1,26,1,0,0
1,1,1,1,27,1,0,0
1,1,1,1,25,1,0,0
1,1,1,1,33,1,0,0
1,1,1,1,22,1,0,0
1,1,1,1,31,1,0,0
1,1,1,1,22,1,0,0
1,1,1,1,26,1,0,0
1,1,1,1,24,1,0,0
1,1,1,1,26,1,0,0
1,1,1,1,28,1,0,0
1,1,1,1,25,1,0,0
1,1,1,1,26,1,0,0
1,1,1,1,24,1,0,0
1,1,1,1,24,1,0,0
1,1,1,1,25,1,0,0
1,1,1,1,25,1,0,0
1,1,1,1,24,1,0,0
1,1,1,1,27,1,0,0
1,1,1,1,27,1,0,0
1,1,1,1,22,1,0,0
1,1,1,1,22,1,0,0
1,1,1,1,30,1,0,0
1,1,1,1,24,1,0,0
1,1,1,1,30,1,0,0
1,1,1,1,22,1,0,0
1,1,1,1,26,2,0,0
1,1,1,1,29,2,0,0
1,1,1,1,26,2,0,0
1,1,1,1,27,2,0,0
1,1,1,1,29,2,0,0
1,1,1,1,25,2,0,0
1,1,1,1,33,2,0,0
1,1,1,1,27,2,0,1
1,1,1,1,29,1,0,0
1,1,1,1,24,1,0,0
1,1,1,1,27,1,0,0
1,1,1,1,23,1,0,1
1,1,1,1,27,1,0,0
1,1,1,1,26,1,0,0
1,1,1,1,24,1,0,0
1,1,1,1,23,1,0,0
1,1,1,1,25,1,0,1
1,1,1,1,22,1,0,0
1,1,1,1,22,1,0,1
1,1,1,1,25,1,0,0
1,1,1,1,24,1,0,0
1,1,1,1,23,1,0,0
1,1,1,1,33,1,0,0
1,1,1,1,27,1,0,0
1,1,1,1,21,1,0,1
1,1,1,1,28,1,0,0
1,1,1,1,21,1,0,0
1,1,1,1,29,1,0,0
1,1,1,1,28,1,0,0
1,1,1,1,28,1,0,1
1,1,1,1,24,1,0,0
1,1,1,1,28,1,0,0
1,1,1,1,26,1,0,1
1,1,1,1,24,1,0,0
1,1,1,1,27,1,0,0
1,1,1,1,28,1,0,0
1,1,1,1,31,2,0,0
1,1,1,1,22,1,0,0
1,1,1,1,31,1,0,0
1,1,1,1,27,1,0,0
1,1,1,1,26,1,0,0
1,1,1,1,22,1,0,1
1,1,1,1,26,1,0,0
1,1,1,1,26,1,0,0
1,1,1,1,29,1,0,0
1,1,1,1,21,1,0,0
1,1,1,1,33,2,0,0
1,1,1,1,31,1,0,0
1,1,1,1,25,1,0,0
1,1,1,1,22,1,0,0
1,1,1,1,24,1,0,0
1,1,1,1,25,1,0,0
1,1,1,1,23,1,0,0
1,1,1,1,24,1,0,0
1,1,1,1,23,1,0,0
1,1,1,1,26,1,0,0
1,1,1,1,23,1,0,0
1,1,1,1,23,1,0,0
1,1,1,1,21,1,0,0
1,1,1,1,37,2,0,0
1,1,1,1,28,2,0,0
1,1,1,1,31,2,0,1
1,1,1,1,26,2,0,0
1,1,1,1,29,2,0,0
1,1,1,1,24,1,0,0
1,1,1,1,24,2,0,0
1,1,1,1,25,2,0,0
1,1,1,1,32,2,0,0
1,1,1,1,25,2,0,0
1,1,1,1,26,2,0,0
1,1,1,1,27,2,0,0
1,1,1,1,25,2,0,0
1,1,1,1,27,2,0,0
1,1,1,1,29,2,0,0
1,1,1,1,28,2,0,1
1,1,1,1,32,2,0,0
1,1,1,1,34,2,0,1
1,1,1,1,29,2,0,0
1,1,1,1,32,2,0,0
1,1,1,1,30,2,0,0
1,1,1,1,27,2,0,0
1,1,1,1,28,2,0,0
1,1,1,1,28,2,0,1
1,1,1,1,27,2,0,0
1,1,1,1,23,1,0,0
1,1,1,1,28,2,0,0
1,1,1,1,24,2,0,0
1,1,1,1,26,1,0,0
1,1,1,1,26,1,0,0
1,1,1,1,25,1,0,0
1,1,1,1,22,1,0,1
1,1,1,1,23,1,0,0
1,1,1,1,22,1,0,0
1,1,1,1,25,2,0,0
1,1,1,1,25,1,0,0
1,1,1,1,25,1,0,0
1,1,1,1,25,1,0,0
1,1,1,1,25,1,0,0
1,1,1,1,25,1,0,0
1,1,1,1,25,1,0,0
1,1,1,1,25,1,0,0
1,1,1,1,25,2,0,0
1,1,1,1,25,2,0,0
1,1,1,1,25,1,0,0
1,1,1,1,25,1,0,0
1,1,1,1,25,1,0,0
1,1,1,1,25,1,0,0
1,1,1,1,25,2,0,0
1,1,1,1,25,2,0,0
1,1,1,1,25,2,0,0
1,1,1,1,25,2,0,0
1,1,1,1,25,2,0,0
1,1,1,1,25,2,0,0
1,1,1,1,25,2,0,0
1,1,1,1,25,2,0,0
1,1,1,1,25,2,0,0
1,1,1,1,25,2,0,0
1,1,1,1,25,2,0,0
1,1,1,1,25,2,0,0
1,1,1,1,25,2,0,0
1,1,1,1,25,2,0,0
1,1,1,1,25,2,0,0
1,1,1,1,25,2,0,0
1,1,1,1,25,2,0,0
1,1,1,1,25,2,0,0
1,1,1,1,25,2,0,0
1,1,1,1,25,2,0,0
1,1,1,1,25,2,0,0
1,1,1,1,25,2,0,0
1,1,1,1,25,2,0,0
1,1,1,1,25,2,0,0
1,1,1,1,25,2,0,0
1,1,1,1,25,1,0,0
1,1,1,1,25,1,0,0
1,1,1,1,25,1,0,0
1,1,1,1,25,1,0,0
1,1,1,1,25,1,0,0
1,1,1,1,25,1,0,0
1,1,1,1,25,1,0,0
1,1,1,1,25,1,0,0
1,1,1,1,25,1,0,0
1,1,1,1,25,1,0,0
1,1,1,1,25,1,0,0
1,1,1,1,25,1,0,0
1,1,1,1,25,1,0,0
1,1,1,1,25,1,0,0
1,1,1,1,25,1,0,0
1,1,1,1,25,2,0,0
1,1,1,1,25,1,0,0
1,1,1,1,25,1,0,0
1,1,1,1,25,1,0,0
1,1,1,1,25,1,0,0
1,1,1,1,25,1,0,0
1,1,1,1,25,1,0,0
1,1,1,1,25,1,0,0
1,1,1,1,25,2,0,0
1,1,1,1,25,2,0,0
1,1,1,1,25,2,0,0
1,1,1,1,25,2,0,0
1,1,1,1,25,2,0,0
1,1,1,1,25,2,0,0
1,1,1,1,25,2,0,0
1,1,1,1,25,2,0,0
1,1,1,1,25,2,0,0
1,1,1,1,25,2,0,0
1,1,1,1,25,2,0,0
1,1,1,1,25,2,0,0
1,1,1,1,25,2,0,0
1,1,1,1,25,2,0,0
1,1,1,1,25,2,0,0
1,1,1,1,25,2,0,0
1,1,1,1,25,2,0,0
1,1,1,1,25,2,0,0
1,1,1,1,25,2,0,0
1,1,1,1,25,2,0,0
1,1,1,1,25,2,0,0
1,1,1,1,25,2,0,0
1,1,1,1,25,2,0,0
1,1,1,1,25,2,0,0
1,1,1,1,25,2,0,0
1,1,1,1,25,2,0,0
1,1,1,1,25,2,0,0
1,1,1,1,25,2,0,0
1,1,1,1,25,2,0,0
1,1,1,1,25,2,0,0
1,1,1,1,25,2,0,0
1,1,1,1,25,2,0,0
1,1,1,1,25,2,0,0
1,1,1,1,25,2,0,0
1,1,1,1,25,2,0,0
1,1,1,1,25,2,0,0
1,1,1,1,25,2,0,0
1,1,1,1,28,1,1,1
1,1,1,1,25,2,1,0
1,1,1,1,27,1,1,0
1,1,1,1,25,1,1,0
1,1,1,1,25,1,1,0
1,1,1,1,32,1,1,0
1,1,1,1,30,1,1,1
1,1,1,1,32,2,1,0
1,1,1,1,28,2,1,0
1,1,1,1,28,1,1,0
1,1,1,1,24,1,1,0
1,1,1,1,28,2,1,0
1,1,1,1,32,2,1,1
1,1,1,1,29,2,1,1
1,1,1,1,33,2,1,1
1,1,1,1,28,1,1,0
1,1,1,1,28,1,1,0
1,1,1,1,29,1,1,1
1,1,1,1,27,1,1,0
1,1,1,1,23,1,1,1
1,1,1,1,23,1,1,0
1,1,1,1,23,1,1,0
1,1,1,1,29,1,1,0
1,1,1,1,25,1,1,0
1,1,1,1,27,2,1,0
1,1,1,1,27,2,1,0
1,1,1,1,26,2,1,0
1,1,1,1,28,2,1,0
1,1,1,1,25,1,1,0
1,1,1,1,26,1,1,0
1,1,1,1,28,1,1,0
1,1,1,1,26,1,1,0
1,1,1,1,26,1,1,0
1,1,1,1,25,1,1,0
1,1,1,1,25,1,1,0
1,1,1,1,26,2,1,1
1,1,1,1,27,2,1,0
1,1,1,1,27,2,1,0
1,1,1,1,25,2,1,0
1,1,1,1,33,2,1,0
1,1,1,1,33,2,1,0
1,1,1,1,27,2,1,0
1,1,1,1,26,1,1,0
1,1,1,1,25,1,1,0
1,1,1,1,26,1,1,1
1,1,1,1,24,1,1,0
1,1,1,1,25,1,1,0
1,1,1,1,28,2,1,0
1,1,1,1,30,2,1,0
1,1,1,1,23,2,1,0
1,1,1,1,32,2,1,0
1,1,1,1,29,2,1,0
1,1,1,1,25,1,1,0
1,1,1,1,25,2,1,0
1,1,1,1,25,2,1,0
1,1,1,1,25,2,1,0
1,1,1,1,25,2,1,0
1,1,1,1,25,2,1,0
1,1,1,1,25,1,1,0
1,1,1,1,25,1,1,0
1,1,1,1,25,1,1,0
1,1,1,1,25,1,1,0
1,1,1,1,25,1,1,0
1,1,1,1,25,2,1,0
1,1,1,1,25,2,1,0
1,1,1,1,25,2,1,0
1,1,1,1,25,2,1,0
1,1,1,1,25,2,1,0
1,1,1,1,25,2,1,0
1,1,1,1,25,2,1,0
1,1,1,1,25,2,1,0
1,1,1,1,25,2,1,0
1,1,1,1,25,2,1,0
1,1,1,1,25,2,1,0
1,1,1,1,25,2,1,0
1,1,1,1,25,2,1,0
1,1,1,1,25,2,1,0
1,1,1,1,25,2,1,0
1,1,2,1,41,1,2,0
1,1,2,1,34,2,2,0
1,1,2,1,42,1,2,0
1,1,2,1,36,2,2,0
1,1,2,1,48,2,2,0
1,1,2,1,35,2,2,0
1,1,2,1,45,1,2,0
1,1,2,1,36,2,2,0
1,1,2,1,42,1,2,0
1,1,2,1,44,1,2,0
1,1,2,1,35,2,2,1
1,1,2,1,50,2,2,1
1,1,2,1,37,1,2,0
1,1,2,1,50,2,2,1
1,1,2,1,43,1,2,0
1,1,2,1,51,2,2,1
1,1,2,1,35,1,2,0
1,1,2,1,33,2,2,0
1,1,2,1,37,1,2,0
1,1,2,1,33,1,2,0
1,1,2,1,37,1,2,0
1,1,2,1,42,2,2,0
1,1,2,1,39,2,2,0
1,1,2,1,41,2,2,0
1,1,2,1,34,2,2,0
1,1,2,1,34,2,2,0
1,1,2,1,34,2,2,0
1,1,2,1,32,2,2,0
1,1,2,1,46,2,2,0
1,1,2,1,38,2,2,0
1,1,2,1,37,2,2,0
1,1,2,1,47,2,2,0
1,1,2,1,40,2,2,1
1,1,2,1,38,2,2,0
1,1,2,1,36,2,2,0
1,1,2,1,34,2,2,0
1,1,2,1,35,1,2,0
1,1,2,1,31,1,2,0
1,1,2,1,30,1,2,0
1,1,2,1,31,1,2,0
1,1,2,1,43,2,2,0
1,1,2,1,32,2,2,0
1,1,2,1,39,2,2,0
1,1,2,1,33,2,2,0
1,1,2,1,32,2,2,0
1,1,2,1,30,2,2,0
1,1,2,1,37,2,2,0
1,1,2,1,29,1,2,0
1,1,2,1,35,1,2,0
1,1,2,1,36,1,2,0
1,1,2,1,36,2,2,0
1,1,2,1,37,2,2,0
1,1,2,1,33,2,2,0
1,1,2,1,30,2,2,0
1,1,2,1,35,2,2,0
1,1,2,1,39,2,2,0
1,1,2,1,36,2,2,0
1,1,2,1,48,2,2,0
1,1,2,1,45,2,2,0
1,1,2,1,39,2,2,0
1,1,2,1,36,2,2,0
1,1,2,1,42,2,2,0
1,1,2,1,41,2,2,0
1,1,2,1,36,2,2,0
1,1,2,1,39,2,2,0
1,1,2,1,30,2,2,0
1,1,2,1,38,2,2,0
1,1,2,1,37,2,2,0
1,1,2,1,35,2,2,0
1,1,2,1,45,2,2,0
1,1,2,1,38,2,2,0
1,1,2,1,35,2,2,0
1,1,2,1,37,2,2,0
1,1,2,1,34,2,2,0
1,1,2,1,34,2,2,0
1,1,2,1,31,2,2,0
1,1,2,1,25,2,2,0
1,1,2,1,37,2,2,0
1,1,2,1,33,2,2,0
1,1,2,1,25,0,2,0
1,1,2,1,35,2,2,0
1,1,2,1,25,2,2,0
1,1,2,1,25,2,2,0
1,1,2,1,25,2,2,0
1,1,2,1,25,2,2,0
1,1,2,1,25,2,2,0
1,1,2,1,25,2,2,0
1,1,2,1,25,2,2,0
1,1,2,1,25,2,2,0
1,1,2,1,25,2,2,0
1,1,2,1,25,2,2,0
1,1,2,1,25,2,2,0
1,1,2,1,25,2,2,0
1,1,2,1,25,2,2,0
1,1,2,1,25,2,2,0
1,1,2,1,25,2,2,0
1,1,2,1,25,2,2,0
1,1,2,1,25,2,2,0
1,1,2,1,25,2,2,0
1,1,2,1,25,2,2,0
1,1,2,1,25,2,2,0
1,1,2,1,25,2,2,0
1,1,2,1,25,2,2,0
1,1,2,1,25,2,2,0
1,1,2,1,25,2,2,0
1,1,2,1,25,2,2,0
1,1,2,1,25,2,2,0
1,1,2,1,25,2,2,0
1,1,2,1,25,2,2,0
1,1,2,1,25,2,2,0
1,1,2,1,25,2,2,0
1,1,2,1,25,1,2,0
1,1,2,1,25,1,2,0
1,1,2,1,25,1,2,0
1,1,2,1,25,1,2,0
1,1,2,1,25,2,2,0
1,1,2,1,25,2,2,0
1,1,2,1,25,2,2,0
1,1,2,1,25,2,2,0
1,1,2,1,25,2,2,0
1,1,2,1,25,2,2,0
1,1,2,1,25,2,2,0
1,1,2,1,25,2,2,0
1,1,2,1,25,2,2,0
1,1,2,1,25,2,2,0
1,1,2,1,25,2,2,0
1,1,2,1,25,2,2,0
1,1,2,1,25,2,2,0
1,1,2,1,25,2,2,0
1,1,2,1,25,2,2,0
1,1,2,1,25,2,2,0
1,1,2,1,25,2,2,0
1,1,2,1,25,2,2,0
1,1,2,1,25,2,2,0
1,1,2,1,25,2,2,0
1,1,2,1,25,2,2,0
1,1,2,1,25,2,2,0
1,1,2,1,25,2,2,0
1,1,2,1,25,2,2,0
1,1,2,1,25,2,2,0
1,1,2,1,25,2,2,0
1,1,2,1,25,2,2,0
1,1,2,1,25,2,2,0
1,1,2,1,25,2,2,0
1,1,2,1,25,2,2,0
1,1,2,1,25,2,2,0
1,1,2,1,39,2,0,1
1,1,2,1,37,1,0,1
1,1,2,1,53,2,0,1
1,1,2,1,36,2,0,0
1,1,2,1,38,2,0,1
1,1,2,1,34,1,0,0
1,1,2,1,36,1,0,1
1,1,2,1,25,1,0,1
1,1,2,1,48,2,0,0
1,1,2,1,31,2,0,1
1,1,2,1,28,2,0,1
1,1,2,1,39,2,0,1
1,1,2,1,46,2,0,1
1,1,2,1,38,2,0,1
1,1,2,1,37,2,0,1
1,1,2,1,42,1,0,1
1,1,2,1,48,2,0,1
1,1,2,1,58,2,0,1
1,1,2,1,25,2,0,0
1,1,2,1,54,2,0,0
1,1,2,1,53,2,0,1
1,1,2,1,36,2,0,1
1,1,2,1,37,2,0,1
1,1,2,1,51,2,0,1
1,1,2,1,38,1,0,0
1,1,2,1,27,1,0,0
1,1,2,1,25,1,0,1
1,1,2,1,25,1,0,1
1,1,2,1,38,1,0,0
1,1,2,1,32,1,0,0
1,1,2,1,31,1,0,1
1,1,2,1,37,1,0,0
1,1,2,1,27,1,0,1
1,1,2,1,25,2,0,1
1,1,2,1,34,2,0,1
1,1,2,1,35,2,0,1
1,1,2,1,49,2,0,1
1,1,2,1,25,2,0,1
1,1,2,1,53,2,0,1
1,1,2,1,37,2,0,0
1,1,2,1,38,1,0,0
1,1,2,1,31,1,0,0
1,1,2,1,35,2,0,1
1,1,2,1,40,2,0,0
1,1,2,1,35,1,0,0
1,1,2,1,36,1,0,0
1,1,2,1,29,1,0,0
1,1,2,1,35,2,0,0
1,1,2,1,33,2,0,0
1,1,2,1,51,2,0,0
1,1,2,1,42,2,0,0
1,1,2,1,37,2,0,0
1,1,2,1,40,2,0,0
1,1,2,1,30,2,0,0
1,1,2,1,37,2,0,0
1,1,2,1,33,2,0,0
1,1,2,1,45,2,0,0
1,1,2,1,49,2,0,0
1,1,2,1,25,2,0,0
1,1,2,1,25,1,0,0
1,1,2,1,25,1,0,0
1,1,2,1,25,1,0,0
1,1,2,1,25,2,0,0
1,1,2,1,25,2,0,0
1,1,2,1,25,2,0,0
1,1,2,1,25,2,0,0
1,1,2,1,25,2,0,0
1,1,2,1,25,2,0,0
1,1,2,1,24,2,1,0
1,1,2,1,49,2,1,1
1,1,2,1,33,2,1,1
1,1,2,1,25,1,1,1
1,1,2,1,41,1,1,0
1,1,2,1,51,2,1,0
1,1,2,1,39,1,1,0
1,1,2,1,40,2,1,0
1,1,2,1,25,2,1,0
1,1,2,1,25,2,1,0
1,1,2,1,25,2,1,0
1,1,2,1,25,2,1,0
1,1,2,1,25,2,1,0
1,1,2,1,25,2,1,0
1,1,0,1,29,2,2,1
1,1,0,1,26,1,2,0
1,1,0,1,28,2,2,0
1,1,0,1,27,2,2,0
1,1,0,1,28,1,2,0
1,1,0,1,23,1,2,0
1,1,0,1,34,1,2,0
1,1,0,1,33,1,2,0
1,1,0,1,33,1,2,0
1,1,0,1,30,1,2,0
1,1,0,1,30,1,2,0
1,1,0,1,25,1,2,0
1,1,0,1,40,1,2,0
1,1,0,1,30,1,2,0
1,1,0,1,27,1,2,1
1,1,0,1,25,1,2,0
1,1,0,1,36,1,2,0
1,1,0,1,28,1,2,0
1,1,0,1,28,1,2,0
1,1,0,1,28,1,2,0
1,1,0,1,25,2,2,0
1,1,0,1,25,2,2,0
1,1,0,1,32,2,2,0
1,1,0,1,35,2,2,0
1,1,0,1,30,2,2,0
1,1,0,1,32,2,2,0
1,1,0,1,24,2,2,0
1,1,0,1,31,2,2,0
1,1,0,1,39,2,2,0
1,1,0,1,25,2,2,0
1,1,0,1,28,2,2,0
1,1,0,1,25,2,2,0
1,1,0,1,25,2,2,0
1,1,0,1,27,2,2,0
1,1,0,1,25,2,2,1
1,1,0,1,40,2,2,0
1,1,0,1,34,2,2,0
1,1,0,1,37,2,2,0
1,1,0,1,34,2,2,0
1,1,0,1,25,2,2,1
1,1,0,1,34,2,2,0
1,1,0,1,30,2,2,0
1,1,0,1,26,2,2,0
1,1,0,1,35,2,2,0
1,1,0,1,25,2,2,1
1,1,0,1,25,2,2,0
1,1,0,1,25,2,2,0
1,1,0,1,28,2,2,0
1,1,0,1,25,2,2,0
1,1,0,1,37,2,2,0
1,1,0,1,46,2,2,0
1,1,0,1,25,2,2,0
1,1,0,1,36,2,2,0
1,1,0,1,38,2,2,0
1,1,0,1,29,2,2,0
1,1,0,1,27,2,2,0
1,1,0,1,27,2,2,0
1,1,0,1,32,2,2,0
1,1,0,1,33,2,2,0
1,1,0,1,36,2,2,0
1,1,0,1,32,2,2,0
1,1,0,1,46,2,2,0
1,1,0,1,33,2,2,0
1,1,0,1,25,2,2,0
1,1,0,1,42,2,2,0
1,1,0,1,25,2,0,0
1,1,0,1,43,2,0,0
1,1,0,1,23,1,0,1
1,1,0,1,25,1,0,0
1,1,0,1,32,2,0,1
1,1,0,1,25,1,0,1
1,1,0,1,39,1,0,0
1,1,0,1,25,1,0,1
1,1,0,1,25,1,0,1
1,1,0,1,26,1,0,1
1,1,0,1,24,1,0,0
1,1,0,1,23,1,0,0
1,1,0,1,29,1,0,0
1,1,0,1,22,1,0,0
1,1,0,1,24,1,0,0
1,1,0,1,33,1,0,0
1,1,0,1,21,1,0,0
1,1,0,1,28,1,0,0
1,1,0,1,25,1,0,1
1,1,0,1,22,1,0,0
1,1,0,1,26,1,0,0
1,1,0,1,28,1,0,0
1,1,0,1,22,1,0,0
1,1,0,1,22,1,0,0
1,1,0,1,23,1,0,0
1,1,0,1,31,1,0,0
1,1,0,1,27,1,0,0
1,1,0,1,21,1,0,0
1,1,0,1,21,1,0,0
1,1,0,1,23,1,0,0
1,1,0,1,21,1,0,0
1,1,0,1,22,1,0,0
1,1,0,1,25,1,0,0
1,1,0,1,34,1,0,0
1,1,0,1,24,1,0,0
1,1,0,1,22,1,0,0
1,1,0,1,27,1,0,0
1,1,0,1,24,1,0,0
1,1,0,1,23,1,0,0
1,1,0,1,21,1,0,0
1,1,0,1,22,1,0,0
1,1,0,1,25,1,0,0
1,1,0,1,40,1,0,0
1,1,0,1,31,1,0,0
1,1,0,1,26,1,0,0
1,1,0,1,21,1,0,0
1,1,0,1,30,1,0,1
1,1,0,1,21,1,0,0
1,1,0,1,24,1,0,0
1,1,0,1,28,1,0,0
1,1,0,1,23,1,0,0
1,1,0,1,24,1,0,0
1,1,0,1,22,1,0,0
1,1,0,1,25,1,0,0
1,1,0,1,25,1,0,0
1,1,0,1,25,1,0,0
1,1,0,1,25,1,0,0
1,1,0,1,23,1,0,0
1,1,0,1,26,1,0,0
1,1,0,1,22,1,0,0
1,1,0,1,29,1,0,0
1,1,0,1,28,1,0,1
1,1,0,1,24,1,0,0
1,1,0,1,26,1,0,0
1,1,0,1,23,1,0,1
1,1,0,1,24,1,0,0
1,1,0,1,26,1,0,1
1,1,0,1,25,1,0,0
1,1,0,1,24,1,0,0
1,1,0,1,24,1,0,0
1,1,0,1,25,1,0,0
1,1,0,1,21,1,0,0
1,1,0,1,23,1,0,1
1,1,0,1,21,1,0,0
1,1,0,1,28,1,0,0
1,1,0,1,23,1,0,0
1,1,0,1,25,1,0,0
1,1,0,1,27,1,0,0
1,1,0,1,24,1,0,0
1,1,0,1,25,1,0,0
1,1,0,1,26,1,0,1
1,1,0,1,24,1,0,0
1,1,0,1,21,1,0,0
1,1,0,1,24,1,0,0
1,1,0,1,28,1,0,0
1,1,0,1,29,1,0,0
1,1,0,1,26,1,0,1
1,1,0,1,30,1,0,0
1,1,0,1,22,1,0,0
1,1,0,1,24,1,0,0
1,1,0,1,24,1,0,1
1,1,0,1,24,1,0,0
1,1,0,1,32,1,0,0
1,1,0,1,34,1,0,0
1,1,0,1,25,1,0,0
1,1,0,1,28,1,0,0
1,1,0,1,23,1,0,0
1,1,0,1,23,1,0,0
1,1,0,1,24,1,0,0
1,1,0,1,25,1,0,1
1,1,0,1,22,1,0,0
1,1,0,1,26,1,0,0
1,1,0,1,25,1,0,0
1,1,0,1,24,1,0,0
1,1,0,1,22,1,0,0
1,1,0,1,28,1,0,0
1,1,0,1,37,1,0,0
1,1,0,1,24,1,0,0
1,1,0,1,27,1,0,0
1,1,0,1,25,1,0,1
1,1,0,1,23,1,0,0
1,1,0,1,21,1,0,0
1,1,0,1,24,1,0,0
1,1,0,1,29,1,0,0
1,1,0,1,22,1,0,0
1,1,0,1,27,1,0,0
1,1,0,1,25,1,0,0
1,1,0,1,28,1,0,1
1,1,0,1,25,1,0,0
1,1,0,1,34,1,0,1
1,1,0,1,24,1,0,0
1,1,0,1,25,1,0,0
1,1,0,1,24,1,0,0
1,1,0,1,26,2,0,0
1,1,0,1,27,2,0,0
1,1,0,1,27,2,0,0
1,1,0,1,29,2,0,0
1,1,0,1,34,2,0,1
1,1,0,1,25,2,0,0
1,1,0,1,33,2,0,0
1,1,0,1,28,2,0,0
1,1,0,1,27,2,0,0
1,1,0,1,32,2,0,1
1,1,0,1,35,2,0,1
1,1,0,1,28,2,0,0
1,1,0,1,25,2,0,0
1,1,0,1,28,2,0,0
1,1,0,1,29,2,0,0
1,1,0,1,27,2,0,0
1,1,0,1,25,2,0,0
1,1,0,1,30,2,0,1
1,1,0,1,26,2,0,0
1,1,0,1,31,2,0,0
1,1,0,1,33,2,0,0
1,1,0,1,26,2,0,0
1,1,0,1,31,2,0,0
1,1,0,1,25,2,0,0
1,1,0,1,27,2,0,0
1,1,0,1,29,2,0,1
1,1,0,1,31,2,0,0
1,1,0,1,23,2,0,0
1,1,0,1,23,2,0,0
1,1,0,1,28,2,0,0
1,1,0,1,28,2,0,0
1,1,0,1,26,2,0,0
1,1,0,1,27,2,0,0
1,1,0,1,24,2,0,0
1,1,0,1,27,2,0,0
1,1,0,1,25,2,0,0
1,1,0,1,48,2,0,0
1,1,0,1,36,2,0,1
1,1,0,1,34,2,1,1
1,1,0,1,54,2,1,0
1,1,0,1,32,2,1,0
1,1,0,1,22,1,1,0
1,1,0,1,20,1,1,0
1,1,0,1,22,1,1,0
1,1,0,1,22,1,1,0
1,1,0,1,25,1,1,0
1,1,0,1,25,1,1,0
1,1,0,1,36,1,1,0
1,1,0,1,23,1,1,0
1,1,0,1,27,1,1,0
1,1,0,1,22,1,1,0
1,1,0,1,24,1,1,0
1,1,0,1,39,1,1,0
1,1,0,1,25,1,1,0
1,1,0,1,25,1,1,0
1,1,0,1,26,2,1,0
1,1,0,1,28,2,1,0
1,1,0,1,25,2,1,0
1,1,0,1,25,2,1,0
1,1,0,1,36,2,1,0
1,1,0,1,33,2,1,0
1,1,0,1,28,2,1,0
1,1,0,1,26,2,1,0
1,1,0,1,24,2,1,0
1,1,0,1,25,2,1,0
1,1,1,2,38,1,2,0
1,1,1,2,26,1,2,0
1,1,1,2,27,2,2,0
1,1,1,2,29,2,2,0
1,1,1,2,26,1,2,0
1,1,1,2,27,1,2,0
1,1,1,2,27,2,2,0
1,1,1,2,29,2,2,0
1,1,1,2,29,2,2,0
1,1,1,2,34,2,2,0
1,1,1,2,28,2,2,0
1,1,1,2,38,2,2,0
1,1,1,2,35,2,2,0
1,1,1,2,36,2,2,0
1,1,1,2,28,2,2,0
1,1,1,2,36,2,2,0
1,1,1,2,33,2,2,0
1,1,1,2,51,2,2,0
1,1,1,2,28,2,2,0
1,1,1,2,29,2,2,0
1,1,1,2,37,2,2,0
1,1,1,2,33,2,2,0
1,1,1,2,26,2,2,0
1,1,1,2,33,2,2,0
1,1,1,2,34,2,2,0
1,1,1,2,29,2,2,0
1,1,1,2,26,2,2,0
1,1,1,2,34,2,2,0
1,1,1,2,28,2,2,0
1,1,1,2,43,2,2,0
1,1,1,2,29,2,2,0
1,1,1,2,29,2,2,0
1,1,1,2,25,2,2,0
1,1,1,2,26,2,2,0
1,1,1,2,25,1,2,0
1,1,1,2,25,2,2,0
1,1,1,2,25,2,2,0
1,1,1,2,25,2,2,0
1,1,1,2,25,2,2,0
1,1,1,2,25,2,2,0
1,1,1,2,25,2,2,0
1,1,1,2,25,2,2,0
1,1,1,2,25,2,2,0
1,1,1,2,25,2,2,0
1,1,1,2,25,2,2,0
1,1,1,2,25,2,2,0
1,1,1,2,25,2,2,0
1,1,1,2,25,2,2,0
1,1,1,2,25,1,2,0
1,1,1,2,25,2,2,0
1,1,1,2,25,2,2,0
1,1,1,2,25,2,2,0
1,1,1,2,25,2,2,0
1,1,1,2,25,2,2,0
1,1,1,2,25,2,2,0
1,1,1,2,25,2,2,0
1,1,1,2,25,2,2,0
1,1,1,2,25,2,2,0
1,1,1,2,25,2,2,0
1,1,1,2,25,2,2,0
1,1,1,2,25,2,2,0
1,1,1,2,25,2,2,0
1,1,1,2,25,2,2,0
1,1,1,2,25,2,2,0
1,1,1,2,25,2,2,0
1,1,1,2,25,1,0,0
1,1,1,2,39,2,0,1
1,1,1,2,35,2,0,1
1,1,1,2,27,1,0,1
1,1,1,2,31,1,0,1
1,1,1,2,28,2,0,1
1,1,1,2,24,1,0,0
1,1,1,2,30,2,0,1
1,1,1,2,43,1,0,0
1,1,1,2,32,1,0,0
1,1,1,2,25,1,0,0
1,1,1,2,30,1,0,1
1,1,1,2,27,1,0,1
1,1,1,2,26,1,0,0
1,1,1,2,26,1,0,0
1,1,1,2,25,1,0,1
1,1,1,2,23,1,0,0
1,1,1,2,25,1,0,0
1,1,1,2,24,1,0,1
1,1,1,2,25,1,0,1
1,1,1,2,22,1,0,1
1,1,1,2,25,1,0,0
1,1,1,2,31,1,0,1
1,1,1,2,27,1,0,0
1,1,1,2,27,1,0,0
1,1,1,2,25,1,0,1
1,1,1,2,26,1,0,0
1,1,1,2,29,1,0,1
1,1,1,2,25,1,0,1
1,1,1,2,25,1,0,0
1,1,1,2,25,1,0,1
1,1,1,2,25,1,0,1
1,1,1,2,29,1,0,0
1,1,1,2,23,1,0,1
1,1,1,2,21,1,0,0
1,1,1,2,24,1,0,1
1,1,1,2,22,1,0,0
1,1,1,2,27,1,0,0
1,1,1,2,25,1,0,1
1,1,1,2,31,2,0,1
1,1,1,2,30,2,0,0
1,1,1,2,32,2,0,1
1,1,1,2,28,2,0,1
1,1,1,2,28,2,0,0
1,1,1,2,25,2,0,1
1,1,1,2,27,2,0,0
1,1,1,2,27,2,0,1
1,1,1,2,29,2,0,0
1,1,1,2,27,2,0,0
1,1,1,2,31,2,0,0
1,1,1,2,26,2,0,1
1,1,1,2,27,2,0,0
1,1,1,2,23,1,0,0
1,1,1,2,27,2,0,0
1,1,1,2,27,2,0,0
1,1,1,2,26,1,0,0
1,1,1,2,26,1,0,0
1,1,1,2,25,1,0,0
1,1,1,2,23,1,0,0
1,1,1,2,27,1,0,0
1,1,1,2,29,2,0,0
1,1,1,2,27,2,0,0
1,1,1,2,21,1,0,0
1,1,1,2,21,1,0,0
1,1,1,2,28,1,0,0
1,1,1,2,24,1,0,0
1,1,1,2,23,1,0,0
1,1,1,2,36,1,0,0
1,1,1,2,22,1,0,0
1,1,1,2,30,1,0,1
1,1,1,2,28,2,0,0
1,1,1,2,23,1,0,0
1,1,1,2,25,2,0,0
1,1,1,2,28,2,0,0
1,1,1,2,29,2,0,0
1,1,1,2,27,2,0,0
1,1,1,2,24,2,0,0
1,1,1,2,24,2,0,0
1,1,1,2,36,2,0,0
1,1,1,2,28,2,0,0
1,1,1,2,26,2,0,0
1,1,1,2,25,2,0,0
1,1,1,2,20,1,0,0
1,1,1,2,25,2,0,0
1,1,1,2,25,1,0,0
1,1,1,2,25,1,0,0
1,1,1,2,25,1,0,0
1,1,1,2,25,1,0,0
1,1,1,2,25,1,0,0
1,1,1,2,25,2,0,0
1,1,1,2,25,2,0,0
1,1,1,2,25,2,0,0
1,1,1,2,25,2,0,0
1,1,1,2,25,2,0,0
1,1,1,2,25,2,0,0
1,1,1,2,25,2,0,0
1,1,1,2,25,2,0,0
1,1,1,2,25,2,0,0
1,1,1,2,25,2,0,0
1,1,1,2,25,2,0,0
1,1,1,2,25,2,0,0
1,1,1,2,25,1,0,0
1,1,1,2,25,1,0,0
1,1,1,2,25,1,0,0
1,1,1,2,25,1,0,0
1,1,1,2,25,1,0,0
1,1,1,2,25,1,0,0
1,1,1,2,25,1,0,0
1,1,1,2,25,2,0,0
1,1,1,2,25,2,0,0
1,1,1,2,25,2,0,0
1,1,1,2,25,2,0,0
1,1,1,2,25,2,0,0
1,1,1,2,25,2,0,0
1,1,1,2,25,2,0,0
1,1,1,2,25,2,0,0
1,1,1,2,25,2,0,0
1,1,1,2,25,2,0,0
1,1,1,2,25,2,0,0
1,1,1,2,25,2,0,0
1,1,1,2,25,2,0,0
1,1,1,2,25,2,0,0
1,1,1,2,25,2,0,0
1,1,1,2,25,2,0,0
1,1,1,2,25,2,0,0
1,1,1,2,25,2,0,0
1,1,1,2,25,2,0,0
1,1,1,2,25,2,0,0
1,1,1,2,25,2,0,0
1,1,1,2,25,2,0,0
1,1,1,2,25,2,0,0
1,1,1,2,25,2,0,0
1,1,1,2,25,2,0,0
1,1,1,2,27,2,1,0
1,1,1,2,25,1,1,0
1,1,1,2,26,1,1,0
1,1,1,2,25,1,1,0
1,1,1,2,27,2,1,0
1,1,1,2,27,1,1,0
1,1,1,2,26,1,1,0
1,1,1,2,27,2,1,0
1,1,1,2,25,1,1,0
1,1,1,2,25,1,1,0
1,1,1,2,25,2,1,0
1,1,1,2,25,2,1,0
1,1,1,2,25,1,1,0
1,1,1,2,25,1,1,0
1,1,1,2,25,2,1,0
1,1,1,2,25,2,1,0
1,1,1,2,25,2,1,0
1,1,1,2,25,2,1,0
1,1,1,2,25,2,1,0
1,1,1,2,25,2,1,0
1,1,1,2,25,2,1,0
1,1,1,2,25,2,1,0
1,1,2,2,36,2,2,0
1,1,2,2,38,1,2,0
1,1,2,2,39,1,2,0
1,1,2,2,28,1,2,0
1,1,2,2,38,2,2,0
1,1,2,2,34,2,2,0
1,1,2,2,34,2,2,0
1,1,2,2,34,2,2,0
1,1,2,2,40,2,2,0
1,1,2,2,36,2,2,0
1,1,2,2,40,2,2,0
1,1,2,2,25,2,2,0
1,1,2,2,29,2,2,0
1,1,2,2,48,2,2,0
1,1,2,2,48,2,2,0
1,1,2,2,34,2,2,0
1,1,2,2,33,2,2,0
1,1,2,2,32,2,2,0
1,1,2,2,38,2,2,0
1,1,2,2,30,2,2,0
1,1,2,2,32,2,2,0
1,1,2,2,37,2,2,0
1,1,2,2,41,2,2,0
1,1,2,2,36,2,2,0
1,1,2,2,38,2,2,0
1,1,2,2,35,2,2,0
1,1,2,2,48,2,2,0
1,1,2,2,36,2,2,0
1,1,2,2,25,2,2,0
1,1,2,2,29,2,2,0
1,1,2,2,25,2,2,0
1,1,2,2,25,2,2,0
1,1,2,2,25,2,2,0
1,1,2,2,25,2,2,0
1,1,2,2,25,2,2,0
1,1,2,2,25,2,2,0
1,1,2,2,25,2,2,0
1,1,2,2,25,1,2,0
1,1,2,2,25,1,2,0
1,1,2,2,25,2,2,0
1,1,2,2,25,2,2,0
1,1,2,2,25,2,2,0
1,1,2,2,25,2,2,0
1,1,2,2,25,2,2,0
1,1,2,2,25,2,2,0
1,1,2,2,25,2,2,0
1,1,2,2,25,2,2,0
1,1,2,2,25,2,2,0
1,1,2,2,25,2,2,0
1,1,2,2,25,2,2,0
1,1,2,2,25,2,2,0
1,1,2,2,32,2,0,1
1,1,2,2,38,1,0,1
1,1,2,2,31,1,0,0
1,1,2,2,31,1,0,1
1,1,2,2,26,1,0,1
1,1,2,2,25,1,0,1
1,1,2,2,35,1,0,1
1,1,2,2,34,1,0,1
1,1,2,2,41,1,0,1
1,1,2,2,25,2,0,1
1,1,2,2,25,2,0,1
1,1,2,2,38,2,0,1
1,1,2,2,25,2,0,1
1,1,2,2,33,1,0,0
1,1,2,2,29,1,0,0
1,1,2,2,32,1,0,0
1,1,2,2,42,2,0,0
1,1,2,2,34,2,0,0
1,1,2,2,25,2,0,0
1,1,2,2,25,2,0,0
1,1,2,2,25,2,0,0
1,1,2,2,25,2,0,0
1,1,2,2,25,2,0,0
1,1,2,2,25,2,0,0
1,1,2,2,25,2,0,0
1,1,2,2,29,2,1,0
1,1,2,2,25,2,1,0
1,1,2,2,25,2,1,0
1,1,2,2,25,1,1,0
1,1,0,2,41,1,2,0
1,1,0,2,44,2,2,0
1,1,0,2,26,2,2,0
1,1,0,2,28,2,2,0
1,1,0,2,30,1,2,1
1,1,0,2,25,1,2,0
1,1,0,2,27,1,2,0
1,1,0,2,26,1,2,0
1,1,0,2,28,2,2,0
1,1,0,2,38,2,2,0
1,1,0,2,28,2,2,0
1,1,0,2,23,2,2,0
1,1,0,2,36,2,2,0
1,1,0,2,29,2,2,0
1,1,0,2,36,2,2,0
1,1,0,2,30,2,2,0
1,1,0,2,25,2,2,0
1,1,0,2,35,2,2,0
1,1,0,2,26,2,2,0
1,1,0,2,36,2,2,0
1,1,0,2,36,2,2,0
1,1,0,2,34,2,2,0
1,1,0,2,36,2,2,0
1,1,0,2,29,2,2,0
1,1,0,2,27,2,2,0
1,1,0,2,25,2,2,0
1,1,0,2,35,2,2,0
1,1,0,2,40,2,2,0
1,1,0,2,37,2,2,0
1,1,0,2,26,1,0,1
1,1,0,2,25,1,0,1
1,1,0,2,24,1,0,0
1,1,0,2,30,2,0,1
1,1,0,2,25,2,0,0
1,1,0,2,23,1,0,0
1,1,0,2,19,1,0,1
1,1,0,2,22,1,0,0
1,1,0,2,22,1,0,0
1,1,0,2,38,1,0,0
1,1,0,2,23,1,0,0
1,1,0,2,39,1,0,0
1,1,0,2,23,1,0,0
1,1,0,2,24,1,0,0
1,1,0,2,23,1,0,1
1,1,0,2,22,1,0,0
1,1,0,2,22,1,0,0
1,1,0,2,26,1,0,0
1,1,0,2,24,1,0,0
1,1,0,2,24,1,0,0
1,1,0,2,40,1,0,0
1,1,0,2,23,1,0,0
1,1,0,2,29,1,0,1
1,1,0,2,22,1,0,0
1,1,0,2,22,1,0,0
1,1,0,2,24,1,0,0
1,1,0,2,22,1,0,0
1,1,0,2,22,1,0,0
1,1,0,2,27,2,0,0
1,1,0,2,31,2,0,0
1,1,0,2,25,2,0,0
1,1,0,2,34,2,0,0
1,1,0,2,26,2,0,0
1,1,0,2,34,2,0,0
1,1,0,2,32,2,0,0
1,1,0,2,25,2,0,0
1,1,0,2,26,2,0,0
1,1,0,2,25,2,0,0
1,1,0,2,27,2,0,0
1,1,0,2,24,1,1,0
1,1,0,2,23,1,1,0
1,1,0,2,32,1,1,0
1,1,0,2,22,1,1,0
1,1,0,2,21,1,1,0
1,1,0,2,34,2,1,0
1,1,0,2,26,2,1,0
1,1,0,2,25,2,1,0
1,1,0,2,24,2,1,0
1,1,0,2,31,2,1,0
1,1,1,0,25,2,2,0
1,1,1,0,25,1,2,0
1,1,1,0,25,1,2,0
1,1,1,0,25,1,2,0
1,1,1,0,25,1,2,0
1,1,1,0,25,1,2,0
1,1,1,0,25,1,2,0
1,1,1,0,25,2,2,0
1,1,1,0,25,2,2,0
1,1,1,0,25,2,2,0
1,1,1,0,25,2,2,0
1,1,1,0,25,2,2,0
1,1,1,0,25,2,2,0
1,1,1,0,25,2,2,0
1,1,1,0,25,2,2,0
1,1,1,0,25,2,2,0
1,1,1,0,25,2,2,0
1,1,1,0,25,2,2,0
1,1,1,0,25,2,2,0
1,1,1,0,25,2,2,0
1,1,1,0,25,2,2,0
1,1,1,0,25,2,2,0
1,1,1,0,25,2,2,0
1,1,1,0,25,2,2,0
1,1,1,0,25,2,2,0
1,1,1,0,25,2,2,0
1,1,1,0,25,2,2,0
1,1,1,0,25,2,2,0
1,1,1,0,25,2,2,0
1,1,1,0,25,2,2,0
1,1,1,0,25,2,2,0
1,1,1,0,25,2,2,0
1,1,1,0,25,2,2,0
1,1,1,0,25,2,2,0
1,1,1,0,25,2,2,0
1,1,1,0,25,1,0,0
1,1,1,0,25,1,0,0
1,1,1,0,25,1,0,0
1,1,1,0,25,1,0,0
1,1,1,0,25,1,0,0
1,1,1,0,25,1,0,0
1,1,1,0,25,1,0,0
1,1,1,0,25,1,0,0
1,1,1,0,25,1,0,0
1,1,1,0,25,1,0,0
1,1,1,0,25,1,0,0
1,1,1,0,25,1,0,0
1,1,1,0,25,1,0,0
1,1,1,0,25,1,0,0
1,1,1,0,25,1,0,0
1,1,1,0,25,1,0,0
1,1,1,0,25,1,0,0
1,1,1,0,25,1,0,0
1,1,1,0,25,1,0,0
1,1,1,0,25,1,0,0
1,1,1,0,25,1,0,0
1,1,1,0,25,1,0,0
1,1,1,0,25,1,0,0
1,1,1,0,25,2,0,0
1,1,1,0,25,1,0,0
1,1,1,0,25,1,0,0
1,1,1,0,25,1,0,0
1,1,1,0,25,1,0,0
1,1,1,0,25,2,0,0
1,1,1,0,25,1,0,0
1,1,1,0,25,2,0,0
1,1,1,0,25,2,0,0
1,1,1,0,25,2,0,0
1,1,1,0,25,2,0,0
1,1,1,0,25,2,0,0
1,1,1,0,25,2,0,0
1,1,1,0,25,2,0,0
1,1,1,0,25,2,0,0
1,1,1,0,25,2,0,0
1,1,1,0,25,2,0,0
1,1,1,0,25,2,0,0
1,1,1,0,25,2,0,0
1,1,1,0,25,2,0,0
1,1,1,0,25,2,0,0
1,1,1,0,25,2,0,0
1,1,1,0,25,2,0,0
1,1,1,0,25,2,0,0
1,1,1,0,25,2,0,0
1,1,1,0,25,2,0,0
1,1,1,0,25,2,0,0
1,1,1,0,25,2,0,0
1,1,1,0,25,2,0,0
1,1,1,0,25,2,0,0
1,1,1,0,25,2,0,0
1,1,1,0,25,2,0,0
1,1,1,0,25,2,0,0
1,1,1,0,25,2,0,0
1,1,1,0,25,2,0,0
1,1,1,0,25,2,0,0
1,1,1,0,25,2,0,0
1,1,1,0,25,2,0,0
1,1,1,0,25,2,0,0
1,1,1,0,25,2,0,0
1,1,1,0,25,2,0,0
1,1,1,0,25,2,0,0
1,1,1,0,25,2,0,0
1,1,1,0,25,2,0,0
1,1,1,0,25,1,1,0
1,1,1,0,25,1,1,0
1,1,1,0,25,1,1,0
1,1,1,0,25,1,1,0
1,1,1,0,25,1,1,0
1,1,1,0,25,1,1,0
1,1,1,0,25,1,1,0
1,1,1,0,25,2,1,0
1,1,1,0,25,2,1,0
1,1,1,0,25,2,1,0
1,1,1,0,25,2,1,0
1,1,1,0,25,2,1,0
1,1,1,0,25,2,1,0
1,1,1,0,25,2,1,0
1,1,1,0,25,2,1,0
1,1,1,0,25,2,1,0
1,1,1,0,25,2,1,0
1,1,1,0,25,2,1,0
1,1,1,0,25,2,1,0
1,1,2,0,25,1,2,0
1,1,2,0,25,1,2,0
1,1,2,0,25,1,2,0
1,1,2,0,25,1,2,0
1,1,2,0,25,1,2,0
1,1,2,0,25,1,2,0
1,1,2,0,25,2,2,0
1,1,2,0,25,2,2,0
1,1,2,0,25,2,2,0
1,1,2,0,25,2,2,0
1,1,2,0,25,2,2,0
1,1,2,0,25,2,2,0
1,1,2,0,25,2,2,0
1,1,2,0,25,2,2,0
1,1,2,0,25,2,2,0
1,1,2,0,25,2,2,0
1,1,2,0,25,2,2,0
1,1,2,0,25,2,2,0
1,1,2,0,25,2,2,0
1,1,2,0,25,2,2,0
1,1,2,0,25,2,2,0
1,1,2,0,25,2,2,0
1,1,2,0,25,2,2,0
1,1,2,0,25,2,2,0
1,1,2,0,25,2,2,0
1,1,2,0,25,2,2,0
1,1,2,0,25,2,2,0
1,1,2,0,25,2,2,0
1,1,2,0,25,2,2,0
1,1,2,0,25,2,2,0
1,1,2,0,25,2,2,0
1,1,2,0,25,1,0,0
1,1,2,0,25,1,0,0
1,1,2,0,25,1,0,0
1,1,2,0,25,1,0,0
1,1,2,0,25,2,0,0
1,1,2,0,25,2,0,0
1,1,2,0,25,2,0,0
1,1,2,0,25,2,0,0
1,1,2,0,25,2,0,0
1,1,0,0,25,2,2,0
1,1,0,0,25,2,2,0
1,1,0,0,25,2,2,0
1,1,0,0,25,2,2,0
1,1,0,0,25,2,2,0
1,1,0,0,25,2,2,0
1,1,0,0,25,2,2,0
1,1,0,0,25,2,2,0
1,1,0,0,25,2,0,0
1,1,0,0,25,2,0,0
1,1,0,0,25,2,0,0
1,1,0,0,25,2,0,0
1,1,0,0,25,2,0,0
1,1,0,0,25,1,0,0
1,1,0,0,25,1,0,0
1,1,0,0,25,1,0,0
1,1,0,0,25,1,0,0
0,1,1,1,32,2,2,0
0,1,1,1,27,1,2,0
0,1,1,1,38,2,2,0
0,1,1,1,33,2,2,0
0,1,1,1,30,2,2,0
0,1,1,1,23,1,2,1
0,1,1,1,40,2,2,0
0,1,1,1,30,2,2,0
0,1,1,1,28,2,2,0
0,1,1,1,30,2,2,0
0,1,1,1,33,2,2,0
0,1,1,1,33,2,2,0
0,1,1,1,29,2,2,0
0,1,1,1,24,2,2,1
0,1,1,1,30,2,2,0
0,1,1,1,35,2,2,0
0,1,1,1,33,2,2,1
0,1,1,1,25,2,2,0
0,1,1,1,25,2,2,0
0,1,1,1,25,2,2,0
0,1,1,1,25,2,2,1
0,1,1,1,25,2,2,0
0,1,1,1,25,2,2,0
0,1,1,1,25,2,2,0
0,1,1,1,25,1,0,1
0,1,1,1,25,1,0,1
0,1,1,1,25,1,0,1
0,1,1,1,25,1,0,1
0,1,1,1,31,1,0,1
0,1,1,1,25,1,0,1
0,1,1,1,31,1,0,1
0,1,1,1,25,2,0,1
0,1,1,1,25,1,0,1
0,1,1,1,25,1,0,1
0,1,1,1,25,1,0,1
0,1,1,1,25,1,0,1
0,1,1,1,25,1,0,1
0,1,1,1,25,1,0,1
0,1,1,1,25,1,0,1
0,1,1,1,25,1,0,1
0,1,1,1,25,1,0,1
0,1,1,1,25,1,0,1
0,1,1,1,25,1,0,1
0,1,1,1,25,1,0,1
0,1,1,1,25,1,0,1
0,1,1,1,25,1,0,1
0,1,1,1,25,1,0,1
0,1,1,1,25,2,0,1
0,1,1,1,25,2,0,1
0,1,1,1,35,2,0,1
0,1,1,1,25,2,0,1
0,1,1,1,25,1,0,1
0,1,1,1,25,2,0,1
0,1,1,1,25,2,0,1
0,1,1,1,25,1,0,1
0,1,1,1,25,1,0,1
0,1,1,1,41,1,0,1
0,1,1,1,25,1,0,1
0,1,1,1,28,1,0,0
0,1,1,1,25,1,0,1
0,1,1,1,25,1,0,1
0,1,1,1,23,1,0,1
0,1,1,1,25,1,0,1
0,1,1,1,25,1,0,1
0,1,1,1,25,1,0,1
0,1,1,1,25,1,0,1
0,1,1,1,25,1,0,1
0,1,1,1,30,1,0,1
0,1,1,1,25,1,0,1
0,1,1,1,25,1,0,1
0,1,1,1,25,1,0,1
0,1,1,1,25,1,0,1
0,1,1,1,31,1,0,0
0,1,1,1,25,1,0,1
0,1,1,1,25,1,0,1
0,1,1,1,25,1,0,1
0,1,1,1,25,1,0,1
0,1,1,1,25,1,0,1
0,1,1,1,25,1,0,1
0,1,1,1,25,1,0,1
0,1,1,1,25,1,0,1
0,1,1,1,25,1,0,1
0,1,1,1,25,1,0,1
0,1,1,1,25,2,0,1
0,1,1,1,25,1,0,1
0,1,1,1,31,2,0,1
0,1,1,1,25,1,0,1
0,1,1,1,25,1,0,1
0,1,1,1,25,2,0,1
0,1,1,1,25,1,0,1
0,1,1,1,25,1,0,1
0,1,1,1,25,2,0,1
0,1,1,1,25,2,0,1
0,1,1,1,29,1,0,1
0,1,1,1,25,1,0,1
0,1,1,1,25,1,0,1
0,1,1,1,25,1,0,1
0,1,1,1,25,1,0,1
0,1,1,1,25,1,0,1
0,1,1,1,25,1,0,1
0,1,1,1,25,2,0,1
0,1,1,1,25,1,0,1
0,1,1,1,25,1,0,1
0,1,1,1,25,1,0,1
0,1,1,1,25,1,0,1
0,1,1,1,25,1,0,1
0,1,1,1,25,1,0,1
0,1,1,1,25,1,0,1
0,1,1,1,25,1,0,1
0,1,1,1,25,1,0,1
0,1,1,1,25,1,0,1
0,1,1,1,27,1,0,0
0,1,1,1,27,1,0,1
0,1,1,1,27,1,0,1
0,1,1,1,37,2,0,1
0,1,1,1,27,2,0,1
0,1,1,1,30,2,0,0
0,1,1,1,26,1,0,1
0,1,1,1,29,1,0,1
0,1,1,1,22,1,0,1
0,1,1,1,34,1,0,1
0,1,1,1,33,1,0,1
0,1,1,1,51,2,0,1
0,1,1,1,32,1,0,1
0,1,1,1,23,1,0,0
0,1,1,1,22,1,0,0
0,1,1,1,29,1,0,1
0,1,1,1,26,1,0,1
0,1,1,1,25,1,0,0
0,1,1,1,30,1,0,1
0,1,1,1,25,1,0,1
0,1,1,1,27,1,0,0
0,1,1,1,26,1,0,1
0,1,1,1,28,1,0,1
0,1,1,1,25,1,0,0
0,1,1,1,22,1,0,0
0,1,1,1,25,1,0,1
0,1,1,1,29,1,0,1
0,1,1,1,27,1,0,1
0,1,1,1,33,1,0,1
0,1,1,1,23,1,0,0
0,1,1,1,29,2,0,0
0,1,1,1,31,1,0,1
0,1,1,1,26,2,0,1
0,1,1,1,27,2,0,1
0,1,1,1,32,2,0,1
0,1,1,1,27,2,0,1
0,1,1,1,26,2,0,1
0,1,1,1,23,1,0,1
0,1,1,1,25,1,0,1
0,1,1,1,27,1,0,0
0,1,1,1,25,2,0,0
0,1,1,1,23,2,0,0
0,1,1,1,25,1,0,0
0,1,1,1,25,1,0,0
0,1,1,1,25,1,0,0
0,1,1,1,25,2,0,0
0,1,1,1,25,2,0,0
0,1,1,1,25,2,0,0
0,1,1,1,32,2,1,0
0,1,1,1,25,2,1,0
0,1,1,1,25,2,1,0
0,1,2,1,36,2,2,0
0,1,2,1,47,1,2,1
0,1,2,1,34,2,2,0
0,1,2,1,31,1,2,0
0,1,2,1,32,1,2,0
0,1,2,1,39,2,2,0
0,1,2,1,42,2,2,1
0,1,2,1,44,2,2,0
0,1,2,1,25,2,2,0
0,1,2,1,25,2,2,1
0,1,2,1,25,2,2,0
0,1,2,1,25,2,2,0
0,1,2,1,25,1,0,1
0,1,2,1,25,1,0,1
0,1,2,1,35,1,0,1
0,1,2,1,25,2,0,1
0,1,2,1,29,1,0,1
0,1,2,1,25,2,0,1
0,1,2,1,43,2,0,1
0,1,2,1,33,2,0,1
0,1,2,1,25,1,0,1
0,1,2,1,25,1,0,1
0,1,2,1,25,1,0,1
0,1,2,1,25,1,0,1
0,1,2,1,25,1,0,1
0,1,2,1,57,2,0,1
0,1,2,1,25,2,0,1
0,1,2,1,32,1,0,1
0,1,2,1,25,2,0,1
0,1,2,1,25,1,0,1
0,1,2,1,25,1,0,1
0,1,2,1,25,1,0,1
0,1,2,1,51,2,0,1
0,1,2,1,25,1,0,1
0,1,2,1,25,2,0,1
0,1,2,1,25,1,0,1
0,1,2,1,25,2,0,1
0,1,2,1,25,2,0,1
0,1,2,1,25,1,0,1
0,1,2,1,25,2,0,1
0,1,2,1,25,2,0,1
0,1,2,1,25,2,0,1
0,1,2,1,25,1,0,1
0,1,2,1,25,2,0,1
0,1,2,1,25,1,0,1
0,1,2,1,25,1,0,1
0,1,2,1,25,2,0,1
0,1,2,1,25,1,0,1
0,1,2,1,25,1,0,1
0,1,2,1,25,1,0,1
0,1,2,1,25,2,0,1
0,1,2,1,25,1,0,1
0,1,2,1,25,1,0,1
0,1,2,1,37,1,0,1
0,1,2,1,35,1,0,1
0,1,2,1,39,2,0,1
0,1,2,1,39,1,0,1
0,1,2,1,37,1,0,1
0,1,2,1,37,1,0,1
0,1,2,1,26,1,0,1
0,1,2,1,36,2,0,1
0,1,2,1,32,1,0,1
0,1,2,1,38,1,0,1
0,1,2,1,39,2,0,1
0,1,2,1,30,1,0,1
0,1,2,1,33,2,0,1
0,1,2,1,43,2,0,1
0,1,2,1,25,2,0,0
0,1,2,1,25,2,0,0
0,1,2,1,35,1,1,0
0,1,0,1,34,2,2,0
0,1,0,1,25,1,2,1
0,1,0,1,33,2,2,0
0,1,0,1,25,2,2,0
0,1,0,1,35,2,2,0
0,1,0,1,28,2,2,1
0,1,0,1,25,1,0,1
0,1,0,1,25,2,0,1
0,1,0,1,25,2,0,1
0,1,0,1,25,2,0,1
0,1,0,1,25,1,0,1
0,1,0,1,25,1,0,1
0,1,0,1,25,1,0,1
0,1,0,1,25,1,0,1
0,1,0,1,26,1,0,1
0,1,0,1,22,1,0,1
0,1,0,1,34,2,0,1
0,1,0,1,23,1,0,0
0,1,0,1,25,1,0,1
0,1,0,1,22,1,0,1
0,1,0,1,25,1,0,1
0,1,0,1,25,1,0,1
0,1,0,1,25,1,0,1
0,1,0,1,32,1,0,1
0,1,0,1,25,1,0,0
0,1,0,1,25,1,0,1
0,1,0,1,25,1,0,1
0,1,0,1,25,1,0,1
0,1,0,1,25,1,0,1
0,1,0,1,25,1,0,0
0,1,0,1,25,1,0,0
0,1,0,1,25,1,0,1
0,1,0,1,25,1,0,1
0,1,0,1,25,1,0,1
0,1,0,1,25,1,0,1
0,1,0,1,25,1,0,1
0,1,0,1,25,1,0,1
0,1,0,1,25,1,0,1
0,1,0,1,25,1,0,1
0,1,0,1,25,2,0,1
0,1,0,1,25,2,0,1
0,1,0,1,25,2,0,1
0,1,0,1,25,2,0,1
0,1,0,1,25,2,0,1
0,1,0,1,28,2,0,0
0,1,0,1,33,2,0,1
0,1,0,1,25,2,0,1
0,1,0,1,25,2,0,1
0,1,0,1,32,2,0,1
0,1,0,1,25,2,0,1
0,1,0,1,30,2,0,1
0,1,0,1,27,2,0,1
0,1,0,1,25,2,0,1
0,1,0,1,26,2,1,0
0,1,0,1,23,1,1,0
0,1,0,1,26,1,1,0
0,1,1,2,27,1,2,0
0,1,1,2,27,2,2,0
0,1,1,2,36,2,2,0
0,1,1,2,29,2,2,0
0,1,1,2,25,2,2,0
0,1,1,2,25,2,2,0
0,1,1,2,25,1,0,1
0,1,1,2,25,1,0,1
0,1,1,2,25,1,0,1
0,1,1,2,24,1,0,1
0,1,1,2,25,1,0,1
0,1,1,2,25,1,0,1
0,1,1,2,25,1,0,1
0,1,1,2,25,1,0,1
0,1,1,2,25,1,0,1
0,1,1,2,27,1,0,1
0,1,1,2,25,1,0,1
0,1,1,2,25,1,0,1
0,1,1,2,25,1,0,1
0,1,1,2,25,1,0,1
0,1,1,2,27,2,0,1
0,1,1,2,36,1,0,1
0,1,1,2,25,1,0,1
0,1,1,2,25,1,0,1
0,1,1,2,25,1,0,1
0,1,1,2,22,1,0,0
0,1,1,2,25,1,0,0
0,1,1,2,25,2,0,0
0,1,1,2,26,2,0,1
0,1,1,2,28,1,0,0
0,1,1,2,22,1,0,1
0,1,1,2,24,1,0,1
0,1,1,2,29,1,0,1
0,1,1,2,24,1,0,1
0,1,1,2,22,1,0,1
0,1,1,2,30,2,0,1
0,1,1,2,33,2,0,1
0,1,1,2,32,2,0,1
0,1,1,2,27,2,1,0
0,1,1,2,29,2,1,1
0,1,1,2,25,2,1,0
0,1,2,2,39,2,2,1
0,1,2,2,25,1,0,1
0,1,2,2,25,2,0,1
0,1,2,2,25,2,0,1
0,1,2,2,25,2,0,1
0,1,2,2,45,2,0,0
0,1,2,2,25,1,0,1
0,1,2,2,25,1,0,1
0,1,2,2,36,1,0,0
0,1,2,2,42,2,0,0
0,1,2,2,35,2,0,1
0,1,2,2,39,2,0,1
0,1,2,2,40,2,0,1
0,1,2,2,25,2,1,0
0,1,0,2,32,1,2,0
0,1,0,2,32,2,0,1
0,1,0,2,30,1,0,0
0,1,0,2,25,1,0,1
0,1,0,2,22,1,0,0
0,1,0,2,25,1,0,0
0,1,0,2,25,1,0,1
0,1,0,2,21,1,0,1
0,1,0,2,25,2,0,0
0,1,0,2,29,2,0,1
0,1,0,2,27,2,0,0
0,1,0,2,48,2,0,1
0,1,0,2,32,2,0,0
0,1,0,2,25,2,0,1
0,1,0,2,25,2,0,1
0,1,0,2,30,2,0,1
0,1,0,2,33,2,0,1
0,1,1,0,25,1,2,0
0,1,1,0,25,2,2,0
0,1,1,0,25,2,2,0
0,1,1,0,25,2,2,0
0,1,1,0,25,2,2,0
0,1,1,0,25,2,2,0
0,1,1,0,25,2,2,0
0,1,1,0,25,1,0,0
0,1,1,0,25,1,0,0
0,1,1,0,25,1,0,0
0,1,1,0,25,1,0,0
0,1,1,0,25,1,0,0
0,1,1,0,25,2,0,0
0,1,1,0,25,2,0,0
0,1,1,0,25,2,0,0
0,1,1,0,25,2,0,0
0,1,1,0,25,2,0,0
0,1,1,0,25,2,0,0
0,1,1,0,25,2,0,0
0,1,1,0,25,2,0,0
0,1,1,0,25,2,0,0
0,1,1,0,25,2,0,0
0,1,2,0,25,1,2,0
0,1,2,0,25,2,2,0
0,1,2,0,25,2,2,0
0,1,2,0,25,2,2,0
0,1,2,0,25,2,2,0
0,1,2,0,25,2,2,0
0,1,2,0,25,1,0,0
0,1,2,0,25,1,0,0
0,1,2,0,25,2,0,0
0,1,2,0,25,2,0,0
0,1,2,0,25,2,0,0
0,1,2,0,25,2,0,0
0,1,2,0,25,2,0,0
0,1,2,0,25,1,1,0
0,1,0,0,25,2,1,0
0,1,0,0,25,1,1,0
1,0,1,1,28,1,2,0
1,0,1,1,35,1,2,0
1,0,1,1,29,2,2,0
1,0,1,1,33,2,2,0
1,0,1,1,34,2,2,0
1,0,1,1,34,2,2,0
1,0,1,1,29,2,2,0
1,0,1,1,30,2,2,0
1,0,1,1,31,2,2,0
1,0,1,1,30,1,2,0
1,0,1,1,31,1,2,0
1,0,1,1,32,1,2,0
1,0,1,1,30,1,2,1
1,0,1,1,32,2,2,0
1,0,1,1,31,2,2,0
1,0,1,1,39,2,2,0
1,0,1,1,31,2,2,0
1,0,1,1,32,2,2,0
1,0,1,1,31,1,2,0
1,0,1,1,29,1,2,0
1,0,1,1,33,1,2,0
1,0,1,1,32,2,2,0
1,0,1,1,32,2,2,0
1,0,1,1,33,2,2,0
1,0,1,1,35,1,2,0
1,0,1,1,33,1,2,0
1,0,1,1,25,1,2,1
1,0,1,1,33,1,2,0
1,0,1,1,32,1,2,0
1,0,1,1,30,1,2,0
1,0,1,1,30,1,2,0
1,0,1,1,30,2,2,0
1,0,1,1,32,2,2,0
1,0,1,1,24,2,2,0
1,0,1,1,34,2,2,0
1,0,1,1,25,1,2,0
1,0,1,1,25,2,2,0
1,0,1,1,25,2,2,0
1,0,1,1,25,1,2,0
1,0,1,1,25,1,2,0
1,0,1,1,25,1,2,0
1,0,1,1,25,1,2,0
1,0,1,1,25,1,2,0
1,0,1,1,25,1,2,0
1,0,1,1,25,1,2,0
1,0,1,1,25,1,2,0
1,0,1,1,25,2,2,0
1,0,1,1,25,2,2,0
1,0,1,1,25,2,2,0
1,0,1,1,25,2,2,0
1,0,1,1,25,2,2,0
1,0,1,1,25,1,0,1
1,0,1,1,24,1,0,0
1,0,1,1,26,1,0,0
1,0,1,1,25,1,0,0
1,0,1,1,35,1,0,0
1,0,1,1,32,1,0,0
1,0,1,1,24,1,0,0
1,0,1,1,25,1,0,0
1,0,1,1,22,1,0,0
1,0,1,1,29,1,0,1
1,0,1,1,38,1,0,1
1,0,1,1,32,1,0,1
1,0,1,1,29,2,0,1
1,0,1,1,28,1,0,1
1,0,1,1,31,2,0,0
1,0,1,1,23,2,0,1
1,0,1,1,32,2,0,1
1,0,1,1,29,1,0,1
1,0,1,1,32,1,0,1
1,0,1,1,28,1,0,0
1,0,1,1,24,1,0,0
1,0,1,1,27,1,0,1
1,0,1,1,32,1,0,0
1,0,1,1,27,1,0,0
1,0,1,1,27,1,0,1
1,0,1,1,24,1,0,1
1,0,1,1,44,1,0,1
1,0,1,1,24,1,0,1
1,0,1,1,28,1,0,1
1,0,1,1,28,1,0,1
1,0,1,1,38,1,0,1
1,0,1,1,25,1,0,1
1,0,1,1,30,1,0,1
1,0,1,1,31,1,0,1
1,0,1,1,27,1,0,1
1,0,1,1,28,2,0,0
1,0,1,1,30,1,0,1
1,0,1,1,33,1,0,0
1,0,1,1,29,1,0,1
1,0,1,1,29,1,0,1
1,0,1,1,36,1,0,1
1,0,1,1,26,1,0,1
1,0,1,1,28,1,0,1
1,0,1,1,27,1,0,0
1,0,1,1,26,1,0,0
1,0,1,1,26,1,0,0
1,0,1,1,25,1,0,0
1,0,1,1,39,2,0,1
1,0,1,1,27,1,0,0
1,0,1,1,32,1,0,1
1,0,1,1,24,1,0,1
1,0,1,1,27,1,0,0
1,0,1,1,32,2,0,1
1,0,1,1,30,2,0,1
1,0,1,1,35,1,0,1
1,0,1,1,23,1,0,0
1,0,1,1,30,1,0,0
1,0,1,1,28,1,0,0
1,0,1,1,26,1,0,1
1,0,1,1,27,1,0,0
1,0,1,1,31,1,0,0
1,0,1,1,26,1,0,1
1,0,1,1,29,1,0,0
1,0,1,1,39,1,0,0
1,0,1,1,40,1,0,0
1,0,1,1,27,1,0,0
1,0,1,1,25,1,0,0
1,0,1,1,26,1,0,0
1,0,1,1,29,1,0,1
1,0,1,1,30,2,0,1
1,0,1,1,30,1,0,1
1,0,1,1,25,1,0,0
1,0,1,1,27,1,0,0
1,0,1,1,30,1,0,0
1,0,1,1,24,1,0,0
1,0,1,1,29,1,0,0
1,0,1,1,27,1,0,1
1,0,1,1,28,1,0,0
1,0,1,1,23,1,0,1
1,0,1,1,27,1,0,0
1,0,1,1,28,1,0,1
1,0,1,1,25,1,0,0
1,0,1,1,31,1,0,0
1,0,1,1,26,1,0,0
1,0,1,1,24,1,0,1
1,0,1,1,30,1,0,0
1,0,1,1,25,1,0,0
1,0,1,1,24,1,0,0
1,0,1,1,32,1,0,1
1,0,1,1,22,1,0,0
1,0,1,1,23,1,0,0
1,0,1,1,27,1,0,0
1,0,1,1,23,1,0,0
1,0,1,1,27,1,0,1
1,0,1,1,22,1,0,1
1,0,1,1,21,1,0,0
1,0,1,1,27,1,0,0
1,0,1,1,23,1,0,0
1,0,1,1,27,1,0,0
1,0,1,1,25,1,0,0
1,0,1,1,27,1,0,1
1,0,1,1,24,1,0,0
1,0,1,1,26,1,0,0
1,0,1,1,23,1,0,0
1,0,1,1,26,1,0,1
1,0,1,1,25,1,0,1
1,0,1,1,26,1,0,0
1,0,1,1,26,1,0,0
1,0,1,1,28,1,0,1
1,0,1,1,28,1,0,0
1,0,1,1,24,1,0,1
1,0,1,1,23,1,0,0
1,0,1,1,28,2,0,0
1,0,1,1,28,1,0,0
1,0,1,1,22,1,0,1
1,0,1,1,22,1,0,1
1,0,1,1,24,1,0,0
1,0,1,1,27,1,0,1
1,0,1,1,32,1,0,1
1,0,1,1,22,1,0,1
1,0,1,1,25,1,0,0
1,0,1,1,25,1,0,1
1,0,1,1,27,1,0,1
1,0,1,1,23,1,0,0
1,0,1,1,26,1,0,0
1,0,1,1,25,1,0,1
1,0,1,1,23,1,0,1
1,0,1,1,26,1,0,1
1,0,1,1,29,1,0,1
1,0,1,1,23,1,0,1
1,0,1,1,23,1,0,1
1,0,1,1,23,1,0,0
1,0,1,1,39,1,0,1
1,0,1,1,25,1,0,1
1,0,1,1,23,1,0,1
1,0,1,1,25,1,0,1
1,0,1,1,29,1,0,1
1,0,1,1,23,1,0,0
1,0,1,1,23,1,0,0
1,0,1,1,36,1,0,1
1,0,1,1,32,1,0,1
1,0,1,1,25,1,0,0
1,0,1,1,27,1,0,0
1,0,1,1,26,1,0,0
1,0,1,1,28,1,0,0
1,0,1,1,27,1,0,0
1,0,1,1,23,1,0,0
1,0,1,1,23,1,0,1
1,0,1,1,25,1,0,1
1,0,1,1,31,1,0,0
1,0,1,1,23,1,0,0
1,0,1,1,23,1,0,0
1,0,1,1,31,1,0,1
1,0,1,1,26,1,0,1
1,0,1,1,26,1,0,0
1,0,1,1,29,1,0,1
1,0,1,1,22,1,0,1
1,0,1,1,26,1,0,1
1,0,1,1,31,1,0,0
1,0,1,1,25,1,0,1
1,0,1,1,27,1,0,0
1,0,1,1,27,1,0,0
1,0,1,1,25,1,0,1
1,0,1,1,31,1,0,1
1,0,1,1,26,1,0,0
1,0,1,1,30,1,0,1
1,0,1,1,27,1,0,0
1,0,1,1,32,2,0,1
1,0,1,1,27,2,0,0
1,0,1,1,25,1,0,1
1,0,1,1,32,1,0,1
1,0,1,1,30,1,0,0
1,0,1,1,24,1,0,0
1,0,1,1,26,1,0,0
1,0,1,1,24,1,0,1
1,0,1,1,24,1,0,0
1,0,1,1,22,1,0,0
1,0,1,1,28,1,0,1
1,0,1,1,32,2,0,1
1,0,1,1,34,2,0,1
1,0,1,1,26,1,0,1
1,0,1,1,32,2,0,1
1,0,1,1,24,2,0,0
1,0,1,1,29,2,0,1
1,0,1,1,31,2,0,1
1,0,1,1,31,2,0,1
1,0,1,1,31,1,0,1
1,0,1,1,28,2,0,0
1,0,1,1,28,1,0,0
1,0,1,1,25,1,0,0
1,0,1,1,25,1,0,0
1,0,1,1,25,1,0,0
1,0,1,1,25,1,0,0
1,0,1,1,25,1,0,0
1,0,1,1,25,1,0,0
1,0,1,1,25,1,0,0
1,0,1,1,25,1,0,0
1,0,1,1,25,1,0,0
1,0,1,1,25,1,0,0
1,0,1,1,25,1,0,0
1,0,1,1,25,1,0,0
1,0,1,1,25,1,0,0
1,0,1,1,25,1,0,0
1,0,1,1,25,1,0,0
1,0,1,1,25,1,0,0
1,0,1,1,25,1,0,0
1,0,1,1,25,1,0,0
1,0,1,1,25,1,0,0
1,0,1,1,25,1,0,0
1,0,1,1,25,1,0,0
1,0,1,1,25,1,0,0
1,0,1,1,25,1,0,0
1,0,1,1,25,1,0,0
1,0,1,1,25,1,0,0
1,0,1,1,25,1,0,0
1,0,1,1,25,1,0,0
1,0,1,1,25,1,0,0
1,0,1,1,25,1,0,0
1,0,1,1,25,1,0,0
1,0,1,1,25,2,0,0
1,0,1,1,25,2,0,0
1,0,1,1,25,2,0,0
1,0,1,1,25,2,0,0
1,0,1,1,36,1,1,0
1,0,1,1,32,1,1,0
1,0,1,1,32,2,1,0
1,0,1,1,30,2,1,0
1,0,1,1,26,1,1,0
1,0,1,1,27,1,1,0
1,0,1,1,30,1,1,0
1,0,1,1,24,1,1,0
1,0,1,1,33,1,1,0
1,0,1,1,25,1,1,0
1,0,1,1,34,1,1,0
1,0,1,1,29,1,1,0
1,0,1,1,33,1,1,0
1,0,1,1,27,1,1,0
1,0,1,1,24,1,1,0
1,0,1,1,24,1,1,0
1,0,1,1,29,1,1,0
1,0,1,1,27,1,1,0
1,0,1,1,24,1,1,0
1,0,1,1,26,2,1,0
1,0,1,1,25,2,1,0
1,0,1,1,25,1,1,0
1,0,1,1,25,1,1,0
1,0,2,1,35,1,2,0
1,0,2,1,37,1,2,0
1,0,2,1,38,1,2,0
1,0,2,1,37,1,2,1
1,0,2,1,38,2,2,0
1,0,2,1,43,1,2,0
1,0,2,1,40,1,2,0
1,0,2,1,36,2,2,0
1,0,2,1,25,2,2,0
1,0,2,1,46,1,2,0
1,0,2,1,37,1,2,0
1,0,2,1,36,1,2,0
1,0,2,1,45,2,2,0
1,0,2,1,35,2,2,0
1,0,2,1,41,1,2,0
1,0,2,1,37,1,2,0
1,0,2,1,41,1,2,0
1,0,2,1,37,1,2,0
1,0,2,1,37,2,2,0
1,0,2,1,37,2,2,0
1,0,2,1,35,1,2,0
1,0,2,1,39,1,2,0
1,0,2,1,29,1,2,0
1,0,2,1,43,1,2,0
1,0,2,1,40,1,2,0
1,0,2,1,35,1,2,0
1,0,2,1,32,1,2,0
1,0,2,1,33,2,2,0
1,0,2,1,32,1,2,1
1,0,2,1,39,1,2,0
1,0,2,1,44,2,2,0
1,0,2,1,35,2,2,0
1,0,2,1,42,2,2,0
1,0,2,1,46,2,2,0
1,0,2,1,48,2,2,0
1,0,2,1,33,2,2,0
1,0,2,1,51,2,2,0
1,0,2,1,32,2,2,0
1,0,2,1,30,2,2,0
1,0,2,1,46,2,2,0
1,0,2,1,38,2,2,0
1,0,2,1,25,1,2,0
1,0,2,1,25,2,2,0
1,0,2,1,25,2,2,0
1,0,2,1,25,2,2,0
1,0,2,1,25,1,2,0
1,0,2,1,25,1,2,0
1,0,2,1,25,1,2,0
1,0,2,1,25,1,2,0
1,0,2,1,25,1,2,0
1,0,2,1,25,1,2,0
1,0,2,1,25,1,2,0
1,0,2,1,25,2,2,0
1,0,2,1,25,2,2,0
1,0,2,1,25,2,2,0
1,0,2,1,25,2,2,0
1,0,2,1,38,2,0,1
1,0,2,1,37,1,0,1
1,0,2,1,40,1,0,1
1,0,2,1,38,1,0,1
1,0,2,1,31,1,0,1
1,0,2,1,48,2,0,1
1,0,2,1,49,1,0,1
1,0,2,1,49,2,0,0
1,0,2,1,38,1,0,0
1,0,2,1,39,2,0,1
1,0,2,1,37,1,0,1
1,0,2,1,44,1,0,0
1,0,2,1,54,2,0,1
1,0,2,1,47,1,0,1
1,0,2,1,32,1,0,1
1,0,2,1,36,1,0,0
1,0,2,1,31,2,0,1
1,0,2,1,31,1,0,1
1,0,2,1,37,1,0,1
1,0,2,1,37,1,0,0
1,0,2,1,31,1,0,1
1,0,2,1,30,1,0,1
1,0,2,1,38,2,0,1
1,0,2,1,31,1,0,1
1,0,2,1,34,1,0,1
1,0,2,1,33,1,0,1
1,0,2,1,43,1,0,1
1,0,2,1,34,1,0,1
1,0,2,1,35,2,0,1
1,0,2,1,25,2,0,1
1,0,2,1,34,2,0,1
1,0,2,1,30,2,0,0
1,0,2,1,25,2,0,0
1,0,2,1,25,1,0,0
1,0,2,1,25,1,1,0
1,0,2,1,25,1,1,0
1,0,0,1,32,2,2,0
1,0,0,1,32,2,2,0
1,0,0,1,44,2,2,0
1,0,0,1,32,1,2,0
1,0,0,1,35,2,2,0
1,0,0,1,39,1,2,0
1,0,0,1,36,1,2,0
1,0,0,1,29,1,2,0
1,0,0,1,44,1,2,0
1,0,0,1,37,1,2,0
1,0,0,1,25,2,2,0
1,0,0,1,31,2,2,0
1,0,0,1,43,2,2,0
1,0,0,1,35,2,2,0
1,0,0,1,34,2,2,0
1,0,0,1,40,2,0,0
1,0,0,1,37,1,0,1
1,0,0,1,27,2,0,0
1,0,0,1,26,1,0,0
1,0,0,1,25,1,0,1
1,0,0,1,35,2,0,1
1,0,0,1,32,1,0,1
1,0,0,1,34,1,0,1
1,0,0,1,23,1,0,1
1,0,0,1,24,1,0,1
1,0,0,1,24,1,0,1
1,0,0,1,33,1,0,1
1,0,0,1,23,1,0,1
1,0,0,1,29,1,0,0
1,0,0,1,31,1,0,1
1,0,0,1,22,1,0,0
1,0,0,1,22,1,0,1
1,0,0,1,26,1,0,1
1,0,0,1,40,1,0,1
1,0,0,1,34,1,0,0
1,0,0,1,21,1,0,1
1,0,0,1,24,1,0,0
1,0,0,1,29,1,0,1
1,0,0,1,23,1,0,1
1,0,0,1,27,1,0,0
1,0,0,1,20,1,0,0
1,0,0,1,25,1,0,1
1,0,0,1,32,1,0,1
1,0,0,1,30,1,0,1
1,0,0,1,25,1,0,0
1,0,0,1,28,1,0,1
1,0,0,1,25,1,0,0
1,0,0,1,25,1,0,0
1,0,0,1,28,1,0,0
1,0,0,1,25,1,0,1
1,0,0,1,24,1,0,0
1,0,0,1,29,1,0,1
1,0,0,1,23,1,0,0
1,0,0,1,22,1,0,0
1,0,0,1,23,1,0,0
1,0,0,1,29,1,0,0
1,0,0,1,26,1,0,1
1,0,0,1,38,1,0,1
1,0,0,1,28,1,0,0
1,0,0,1,25,1,0,0
1,0,0,1,33,1,0,1
1,0,0,1,25,1,0,1
1,0,0,1,27,1,0,0
1,0,0,1,41,1,0,0
1,0,0,1,23,1,0,1
1,0,0,1,33,1,0,1
1,0,0,1,29,1,0,1
1,0,0,1,35,1,0,1
1,0,0,1,25,1,0,1
1,0,0,1,23,1,0,0
1,0,0,1,29,1,0,1
1,0,0,1,26,1,0,0
1,0,0,1,31,2,0,1
1,0,0,1,29,2,0,0
1,0,0,1,29,2,0,0
1,0,0,1,25,2,0,0
1,0,0,1,24,2,0,1
1,0,0,1,29,2,0,0
1,0,0,1,31,2,0,0
1,0,0,1,29,2,0,0
1,0,0,1,32,2,0,1
1,0,0,1,34,2,0,1
1,0,0,1,34,1,1,0
1,0,0,1,22,1,1,0
1,0,0,1,20,1,1,0
1,0,0,1,26,1,1,0
1,0,0,1,22,1,1,0
1,0,0,1,27,2,1,0
1,0,1,2,26,1,2,0
1,0,1,2,24,1,2,0
1,0,1,2,29,2,2,0
1,0,1,2,30,2,2,0
1,0,1,2,36,2,2,0
1,0,1,2,36,1,2,0
1,0,1,2,35,1,2,0
1,0,1,2,40,2,2,0
1,0,1,2,23,2,2,0
1,0,1,2,27,2,2,0
1,0,1,2,42,2,2,0
1,0,1,2,31,2,2,0
1,0,1,2,44,2,2,0
1,0,1,2,32,2,2,0
1,0,1,2,28,2,2,0
1,0,1,2,29,2,2,0
1,0,1,2,34,2,2,0
1,0,1,2,33,2,2,0
1,0,1,2,25,1,2,0
1,0,1,2,25,2,2,0
1,0,1,2,25,1,2,0
1,0,1,2,25,2,2,0
1,0,1,2,25,2,2,0
1,0,1,2,26,1,0,0
1,0,1,2,22,1,0,0
1,0,1,2,27,2,0,0
1,0,1,2,31,1,0,0
1,0,1,2,24,1,0,1
1,0,1,2,25,1,0,0
1,0,1,2,29,1,0,1
1,0,1,2,32,1,0,1
1,0,1,2,25,1,0,1
1,0,1,2,48,2,0,1
1,0,1,2,25,1,0,0
1,0,1,2,33,1,0,0
1,0,1,2,24,1,0,0
1,0,1,2,28,1,0,1
1,0,1,2,26,2,0,0
1,0,1,2,22,2,0,0
1,0,1,2,23,1,0,0
1,0,1,2,23,1,0,0
1,0,1,2,28,1,0,0
1,0,1,2,35,1,0,0
1,0,1,2,26,1,0,1
1,0,1,2,22,1,0,0
1,0,1,2,22,1,0,0
1,0,1,2,21,1,0,0
1,0,1,2,27,1,0,0
1,0,1,2,29,1,0,1
1,0,1,2,22,1,0,0
1,0,1,2,25,1,0,0
1,0,1,2,28,1,0,0
1,0,1,2,22,1,0,0
1,0,1,2,27,1,0,0
1,0,1,2,27,1,0,1
1,0,1,2,26,1,0,1
1,0,1,2,20,1,0,0
1,0,1,2,22,1,0,0
1,0,1,2,28,1,0,0
1,0,1,2,23,1,0,1
1,0,1,2,22,1,0,0
1,0,1,2,27,2,0,0
1,0,1,2,25,1,0,1
1,0,1,2,36,2,0,0
1,0,1,2,25,2,0,0
1,0,1,2,28,2,0,0
1,0,1,2,25,1,0,0
1,0,1,2,25,1,0,0
1,0,1,2,25,1,0,0
1,0,1,2,25,1,0,0
1,0,1,2,25,1,0,0
1,0,1,2,25,1,0,0
1,0,1,2,25,1,0,0
1,0,1,2,25,2,0,0
1,0,1,2,25,2,0,0
1,0,1,2,25,2,0,0
1,0,1,2,25,2,0,0
1,0,1,2,25,2,0,0
1,0,1,2,24,1,1,0
1,0,1,2,26,1,1,0
1,0,1,2,25,1,1,0
1,0,1,2,25,2,1,0
1,0,2,2,36,2,2,0
1,0,2,2,33,1,2,0
1,0,2,2,39,2,2,0
1,0,2,2,38,2,2,0
1,0,2,2,49,1,2,0
1,0,2,2,32,1,2,0
1,0,2,2,35,2,2,0
1,0,2,2,37,2,2,0
1,0,2,2,42,2,2,0
1,0,2,2,32,2,2,0
1,0,2,2,36,2,2,0
1,0,2,2,25,1,2,0
1,0,2,2,25,2,2,0
1,0,2,2,38,2,0,1
1,0,2,2,33,1,0,0
1,0,2,2,33,2,0,0
1,0,2,2,37,1,0,0
1,0,2,2,34,1,0,0
1,0,2,2,29,1,0,1
1,0,2,2,30,1,0,0
1,0,2,2,36,2,0,0
1,0,2,2,28,2,0,0
1,0,2,2,25,2,1,0
1,0,0,2,26,1,2,0
1,0,0,2,27,1,2,0
1,0,0,2,34,1,2,0
1,0,0,2,29,2,2,1
1,0,0,2,33,2,2,0
1,0,0,2,25,2,2,0
1,0,0,2,32,2,2,0
1,0,0,2,37,2,2,0
1,0,0,2,41,2,2,0
1,0,0,2,31,2,2,0
1,0,0,2,28,2,2,0
1,0,0,2,37,2,2,0
1,0,0,2,22,1,0,0
1,0,0,2,47,1,0,1
1,0,0,2,19,1,0,0
1,0,0,2,27,2,0,1
1,0,0,2,36,1,0,1
1,0,0,2,25,1,0,1
1,0,0,2,22,1,0,0
1,0,0,2,25,1,0,0
1,0,0,2,24,1,0,0
1,0,0,2,20,1,0,0
1,0,0,2,24,1,0,0
1,0,0,2,25,1,0,0
1,0,0,2,31,1,0,0
1,0,0,2,27,1,0,0
1,0,0,2,37,1,0,0
1,0,0,2,21,1,0,0
1,0,0,2,25,1,0,0
1,0,0,2,24,1,0,0
1,0,0,2,24,1,0,1
1,0,0,2,22,1,0,0
1,0,0,2,22,1,0,1
1,0,0,2,23,1,0,0
1,0,0,2,23,1,0,0
1,0,0,2,27,1,0,0
1,0,0,2,21,1,0,0
1,0,0,2,25,1,0,0
1,0,0,2,22,1,0,0
1,0,0,2,26,2,0,1
1,0,0,2,32,2,0,1
1,0,0,2,29,1,1,0
1,0,0,2,34,1,1,0
1,0,0,2,27,1,1,0
1,0,0,2,30,1,1,0
1,0,0,2,25,2,1,0
1,0,0,2,34,2,1,0
1,0,1,0,25,1,2,0
1,0,1,0,25,2,2,0
1,0,1,0,25,2,2,0
1,0,1,0,25,2,2,0
1,0,1,0,25,2,2,0
1,0,1,0,25,2,2,0
1,0,1,0,25,1,0,0
1,0,1,0,25,1,0,0
1,0,1,0,25,1,0,0
1,0,1,0,25,1,0,0
1,0,1,0,25,1,0,0
1,0,1,0,25,1,0,0
1,0,1,0,25,1,0,0
1,0,1,0,25,1,0,0
1,0,1,0,25,1,0,0
1,0,1,0,25,1,0,0
1,0,1,0,25,1,0,0
1,0,1,0,25,2,0,0
1,0,1,0,25,2,0,0
1,0,1,0,25,2,1,0
1,0,1,0,25,2,1,0
1,0,1,0,25,2,1,0
1,0,2,0,25,1,2,0
1,0,2,0,25,1,2,0
1,0,2,0,25,2,2,0
1,0,2,0,25,2,2,0
1,0,2,0,25,2,2,0
1,0,2,0,25,2,2,0
1,0,2,0,25,1,0,0
1,0,2,0,25,1,0,0
1,0,2,0,25,1,0,0
1,0,2,0,25,2,1,0
0,0,1,1,32,2,2,0
0,0,1,1,31,1,2,0
0,0,1,1,32,1,2,0
0,0,1,1,33,1,2,0
0,0,1,1,29,2,2,0
0,0,1,1,34,1,2,0
0,0,1,1,32,1,2,0
0,0,1,1,34,1,2,0
0,0,1,1,30,1,2,1
0,0,1,1,32,1,2,0
0,0,1,1,33,1,2,0
0,0,1,1,32,1,2,1
0,0,1,1,29,1,2,0
0,0,1,1,28,1,2,0
0,0,1,1,33,2,2,0
0,0,1,1,26,1,2,1
0,0,1,1,34,1,2,0
0,0,1,1,35,1,2,1
0,0,1,1,30,1,2,1
0,0,1,1,30,2,2,0
0,0,1,1,25,1,2,0
0,0,1,1,28,1,2,1
0,0,1,1,30,2,2,1
0,0,1,1,28,2,2,1
0,0,1,1,28,2,2,0
0,0,1,1,35,2,2,1
0,0,1,1,37,2,2,1
0,0,1,1,31,2,2,1
0,0,1,1,25,2,2,0
0,0,1,1,25,1,2,1
0,0,1,1,27,1,0,1
0,0,1,1,30,1,0,1
0,0,1,1,25,1,0,1
0,0,1,1,33,1,0,1
0,0,1,1,27,1,0,0
0,0,1,1,23,1,0,1
0,0,1,1,27,1,0,1
0,0,1,1,23,1,0,1
0,0,1,1,25,1,0,1
0,0,1,1,28,1,0,1
0,0,1,1,25,1,0,1
0,0,1,1,28,1,0,1
0,0,1,1,25,2,0,1
0,0,1,1,25,1,0,1
0,0,1,1,28,1,0,1
0,0,1,1,26,1,0,1
0,0,1,1,28,1,0,0
0,0,1,1,30,1,0,0
0,0,1,1,30,2,0,1
0,0,1,1,23,1,0,1
0,0,1,1,27,1,0,1
0,0,1,1,28,1,0,1
0,0,1,1,24,1,0,1
0,0,1,1,23,1,0,0
0,0,1,1,35,1,0,0
0,0,1,1,30,1,0,0
0,0,1,1,27,1,0,1
0,0,1,1,27,1,0,1
0,0,1,1,28,1,0,1
0,0,1,1,28,1,0,1
0,0,1,1,28,1,0,1
0,0,1,1,32,1,0,1
0,0,1,1,27,1,0,1
0,0,1,1,34,1,0,1
0,0,1,1,36,1,0,1
0,0,1,1,27,1,0,0
0,0,1,1,27,1,0,1
0,0,1,1,30,2,0,0
0,0,1,1,24,1,0,1
0,0,1,1,25,2,0,1
0,0,1,1,25,2,0,1
0,0,1,1,25,1,0,1
0,0,1,1,25,1,0,1
0,0,1,1,30,2,0,1
0,0,1,1,29,1,0,1
0,0,1,1,25,1,0,1
0,0,1,1,27,1,0,1
0,0,1,1,32,1,0,1
0,0,1,1,25,1,0,1
0,0,1,1,32,2,0,1
0,0,1,1,23,1,0,0
0,0,1,1,23,1,0,1
0,0,1,1,27,1,0,1
0,0,1,1,27,1,0,1
0,0,1,1,28,1,0,1
0,0,1,1,25,1,0,1
0,0,1,1,34,1,0,1
0,0,1,1,32,1,0,1
0,0,1,1,26,1,0,1
0,0,1,1,32,1,0,1
0,0,1,1,26,1,0,1
0,0,1,1,35,1,0,1
0,0,1,1,24,1,0,1
0,0,1,1,24,1,0,1
0,0,1,1,34,1,0,1
0,0,1,1,37,1,0,1
0,0,1,1,28,1,0,1
0,0,1,1,24,1,0,1
0,0,1,1,33,1,0,1
0,0,1,1,26,1,0,1
0,0,1,1,27,1,0,1
0,0,1,1,25,1,0,1
0,0,1,1,25,1,0,1
0,0,1,1,25,1,0,0
0,0,1,1,30,1,0,0
0,0,1,1,39,1,0,0
0,0,1,1,26,1,0,1
0,0,1,1,29,1,0,1
0,0,1,1,25,1,0,1
0,0,1,1,23,1,0,0
0,0,1,1,30,1,0,0
0,0,1,1,27,1,0,0
0,0,1,1,24,1,0,1
0,0,1,1,26,1,0,0
0,0,1,1,31,1,0,0
0,0,1,1,27,1,0,0
0,0,1,1,23,1,0,1
0,0,1,1,23,1,0,0
0,0,1,1,29,1,0,1
0,0,1,1,24,1,0,1
0,0,1,1,26,1,0,0
0,0,1,1,26,1,0,0
0,0,1,1,26,1,0,1
0,0,1,1,31,1,0,0
0,0,1,1,27,2,0,1
0,0,1,1,27,1,0,1
0,0,1,1,30,1,0,1
0,0,1,1,29,1,0,1
0,0,1,1,26,1,0,1
0,0,1,1,29,1,0,0
0,0,1,1,28,1,0,0
0,0,1,1,33,1,0,0
0,0,1,1,24,1,0,0
0,0,1,1,27,1,0,1
0,0,1,1,28,1,0,1
0,0,1,1,26,1,0,1
0,0,1,1,24,1,0,0
0,0,1,1,29,1,0,1
0,0,1,1,23,1,0,0
0,0,1,1,27,1,0,1
0,0,1,1,30,1,0,1
0,0,1,1,25,1,0,1
0,0,1,1,27,1,0,1
0,0,1,1,25,1,0,1
0,0,1,1,24,1,0,1
0,0,1,1,27,1,0,1
0,0,1,1,26,1,0,1
0,0,1,1,27,1,0,1
0,0,1,1,25,1,0,1
0,0,1,1,29,1,0,1
0,0,1,1,25,1,0,0
0,0,1,1,27,2,0,0
0,0,1,1,28,2,0,1
0,0,1,1,34,2,0,1
0,0,1,1,27,1,0,1
0,0,1,1,28,1,0,1
0,0,1,1,33,1,0,1
0,0,1,1,21,1,0,1
0,0,1,1,31,1,0,1
0,0,1,1,27,1,0,1
0,0,1,1,27,1,0,1
0,0,1,1,24,1,0,1
0,0,1,1,29,1,0,1
0,0,1,1,27,1,0,1
0,0,1,1,24,1,0,1
0,0,1,1,24,1,0,1
0,0,1,1,24,1,0,1
0,0,1,1,24,1,0,1
0,0,1,1,39,1,0,1
0,0,1,1,23,1,0,0
0,0,1,1,26,1,0,1
0,0,1,1,23,1,0,0
0,0,1,1,23,1,0,0
0,0,1,1,25,1,0,1
0,0,1,1,25,1,0,1
0,0,1,1,26,1,0,1
0,0,1,1,29,1,0,0
0,0,1,1,26,1,0,1
0,0,1,1,24,1,0,1
0,0,1,1,22,1,0,1
0,0,1,1,28,1,0,1
0,0,1,1,25,1,0,1
0,0,1,1,36,1,0,1
0,0,1,1,26,1,0,1
0,0,1,1,32,1,0,1
0,0,1,1,24,1,0,1
0,0,1,1,24,2,0,1
0,0,1,1,26,1,0,1
0,0,1,1,23,1,0,1
0,0,1,1,25,1,0,1
0,0,1,1,27,2,0,1
0,0,1,1,33,2,0,0
0,0,1,1,25,1,0,1
0,0,1,1,25,1,0,1
0,0,1,1,27,1,1,0
0,0,1,1,28,1,1,0
0,0,1,1,27,1,1,0
0,0,1,1,35,1,1,0
0,0,1,1,26,1,1,1
0,0,1,1,28,1,1,1
0,0,1,1,31,2,1,1
0,0,1,1,30,2,1,1
0,0,2,1,45,1,2,0
0,0,2,1,40,2,2,0
0,0,2,1,36,1,2,1
0,0,2,1,40,1,2,0
0,0,2,1,40,1,2,0
0,0,2,1,39,1,2,0
0,0,2,1,47,2,2,0
0,0,2,1,26,1,2,0
0,0,2,1,37,1,2,0
0,0,2,1,41,1,2,0
0,0,2,1,34,1,2,0
0,0,2,1,38,1,2,1
0,0,2,1,36,1,2,0
0,0,2,1,41,1,2,1
0,0,2,1,36,2,2,0
0,0,2,1,34,1,2,1
0,0,2,1,25,1,0,1
0,0,2,1,37,1,0,1
0,0,2,1,33,1,0,1
0,0,2,1,44,1,0,1
0,0,2,1,36,1,0,1
0,0,2,1,38,1,0,1
0,0,2,1,40,1,0,1
0,0,2,1,40,1,0,0
0,0,2,1,41,1,0,1
0,0,2,1,35,1,0,1
0,0,2,1,46,1,0,1
0,0,2,1,36,1,0,1
0,0,2,1,45,1,0,1
0,0,2,1,33,2,0,1
0,0,2,1,38,1,0,1
0,0,2,1,35,1,0,1
0,0,2,1,36,1,0,0
0,0,2,1,41,1,0,0
0,0,2,1,46,1,0,1
0,0,2,1,33,1,0,1
0,0,2,1,34,1,0,1
0,0,2,1,33,1,0,1
0,0,2,1,43,2,0,1
0,0,2,1,43,2,0,1
0,0,2,1,36,1,0,1
0,0,2,1,45,1,0,1
0,0,2,1,31,1,0,0
0,0,2,1,31,1,0,1
0,0,2,1,36,1,0,1
0,0,2,1,33,1,0,1
0,0,2,1,36,1,0,1
0,0,2,1,40,2,0,1
0,0,2,1,44,1,1,0
0,0,0,1,34,1,2,0
0,0,0,1,31,2,2,0
0,0,0,1,39,1,2,0
0,0,0,1,31,2,2,0
0,0,0,1,47,1,2,1
0,0,0,1,28,1,2,1
0,0,0,1,32,1,2,1
0,0,0,1,30,1,2,1
0,0,0,1,31,2,2,0
0,0,0,1,25,2,2,0
0,0,0,1,32,1,0,1
0,0,0,1,32,1,0,0
0,0,0,1,33,1,0,1
0,0,0,1,30,1,0,1
0,0,0,1,34,1,0,1
0,0,0,1,25,1,0,1
0,0,0,1,22,1,0,1
0,0,0,1,30,1,0,0
0,0,0,1,26,1,0,1
0,0,0,1,26,1,0,1
0,0,0,1,24,1,0,0
0,0,0,1,25,1,0,1
0,0,0,1,28,1,0,1
0,0,0,1,26,1,0,0
0,0,0,1,27,1,0,0
0,0,0,1,22,1,0,0
0,0,0,1,24,1,0,1
0,0,0,1,27,1,0,1
0,0,0,1,27,1,0,0
0,0,0,1,32,1,0,0
0,0,0,1,25,1,0,1
0,0,0,1,20,1,0,1
0,0,0,1,25,1,0,0
0,0,0,1,25,1,0,1
0,0,0,1,26,1,0,0
0,0,0,1,34,1,0,0
0,0,0,1,23,1,0,0
0,0,0,1,29,1,0,1
0,0,0,1,25,1,0,1
0,0,0,1,27,1,0,1
0,0,0,1,24,1,0,1
0,0,0,1,35,1,0,1
0,0,0,1,26,1,0,1
0,0,0,1,29,1,0,1
0,0,0,1,24,1,0,0
0,0,0,1,25,1,0,1
0,0,0,1,28,2,0,1
0,0,0,1,39,2,0,0
0,0,0,1,26,1,1,0
0,0,0,1,29,1,1,1
0,0,0,1,26,1,1,1
0,0,0,1,39,1,1,0
0,0,0,1,27,1,1,0
0,0,0,1,26,1,1,1
0,0,0,1,25,1,1,1
0,0,1,2,28,2,2,0
0,0,1,2,27,2,2,0
0,0,1,2,25,1,2,1
0,0,1,2,34,1,2,0
0,0,1,2,25,1,2,0
0,0,1,2,25,1,2,0
0,0,1,2,25,1,2,0
0,0,1,2,32,2,2,1
0,0,1,2,25,1,0,1
0,0,1,2,42,1,0,1
0,0,1,2,30,1,0,0
0,0,1,2,25,1,0,1
0,0,1,2,27,1,0,1
0,0,1,2,25,1,0,0
0,0,1,2,26,1,0,1
0,0,1,2,23,1,0,1
0,0,1,2,29,1,0,1
0,0,1,2,31,2,0,0
0,0,1,2,32,1,0,1
0,0,1,2,27,2,0,1
0,0,1,2,27,1,0,1
0,0,1,2,30,1,0,1
0,0,1,2,24,1,0,1
0,0,1,2,25,1,0,1
0,0,1,2,25,1,0,1
0,0,1,2,22,1,0,0
0,0,1,2,24,1,0,1
0,0,1,2,25,1,0,1
0,0,1,2,29,1,0,1
0,0,1,2,25,1,0,0
0,0,1,2,25,1,0,1
0,0,1,2,25,1,0,1
0,0,1,2,24,1,0,1
0,0,1,2,26,1,0,0
0,0,1,2,23,1,0,0
0,0,1,2,24,1,0,0
0,0,1,2,24,1,0,1
0,0,1,2,37,1,0,0
0,0,1,2,40,1,0,1
0,0,1,2,27,1,0,0
0,0,1,2,30,1,0,0
0,0,1,2,21,1,0,0
0,0,1,2,25,1,0,0
0,0,1,2,34,2,0,1
0,0,1,2,23,1,0,1
0,0,1,2,21,1,0,0
0,0,1,2,31,1,0,1
0,0,1,2,24,1,0,1
0,0,1,2,19,1,0,0
0,0,1,2,22,1,0,1
0,0,1,2,24,1,0,1
0,0,1,2,21,1,0,1
0,0,1,2,26,1,0,1
0,0,1,2,33,2,0,1
0,0,1,2,34,2,0,0
0,0,1,2,26,1,0,1
0,0,1,2,37,2,0,1
0,0,1,2,25,1,0,1
0,0,1,2,23,1,1,0
0,0,1,2,25,1,1,1
0,0,2,2,39,2,2,0
0,0,2,2,35,1,2,0
0,0,2,2,43,1,2,0
0,0,2,2,39,1,2,0
0,0,2,2,38,2,2,0
0,0,2,2,38,2,2,0
0,0,2,2,36,1,0,1
0,0,2,2,43,1,0,1
0,0,2,2,38,2,0,1
0,0,2,2,31,1,0,1
0,0,2,2,39,1,0,1
0,0,2,2,32,1,0,1
0,0,2,2,34,1,0,1
0,0,2,2,39,1,0,1
0,0,2,2,33,1,0,1
0,0,2,2,36,2,0,1
0,0,2,2,34,1,1,0
0,0,0,2,32,1,2,0
0,0,0,2,31,2,2,0
0,0,0,2,42,1,0,0
0,0,0,2,25,1,0,0
0,0,0,2,35,1,0,0
0,0,0,2,26,1,0,1
0,0,0,2,28,1,0,1
0,0,0,2,23,1,0,1
0,0,0,2,24,1,1,1
0,0,1,0,25,2,2,1
0,0,1,0,25,1,0,1
0,0,1,0,25,1,0,1
0,0,1,0,25,1,0,1
0,0,1,0,25,1,0,1
0,0,1,0,25,1,0,1
0,0,1,0,25,1,0,1
0,0,1,0,25,1,0,1
0,0,1,0,25,2,0,0
0,0,1,0,25,1,1,0
0,0,1,0,25,2,1,1
0,0,2,0,25,1,0,1
0,0,0,0,25,1,0,1
